Artist,Node_Type,Num_Songs,Primary_Genre,All_Genres,First_Release,Last_Release,Career_Span,Notable_Songs,Influence_Score,Num_Collaborators,Is_Oceanus_Folk
Chao Tan,Person,5,Oceanus Folk,Oceanus Folk(4); Indie Folk(1),2010,2023,13,5,157,27,Yes
Min Fu,Person,8,Indie Folk,Indie Folk(2); Lo-Fi Electronica(2); Dream Pop(2); Doom Metal(1); Indie Rock(1),1997,2029,32,8,154,42,No
Brett Brown,Person,3,Post-Apocalyptic Folk,Post-Apocalyptic Folk(1); Doom Metal(1); Symphonic Metal(1),1997,2024,27,3,143,15,No
Min Tao,Person,3,Dream Pop,Dream Pop(2); Indie Folk(1),2010,2029,19,3,142,10,No
Guiying Cai,Person,3,Doom Metal,Doom Metal(2); Dream Pop(1),2004,2018,14,3,119,10,No
Kimberly Snyder,Person,22,Dream Pop,Dream Pop(11); Synthwave(5); Indie Rock(3); Post-Apocalyptic Folk(1); Symphonic Metal(1); Space Rock(1),2016,2029,13,20,112,65,No
Jay Walters,Person,16,Southern Gothic Rock,Southern Gothic Rock(10); Indie Pop(5); Alternative Rock(1),1984,2021,37,16,84,7,No
Urszula Stochmal,Person,15,Southern Gothic Rock,Southern Gothic Rock(11); Indie Pop(4),1987,2017,30,15,81,15,No
Qiang Yuan,Person,3,Dream Pop,Dream Pop(2); Doom Metal(1),2004,2025,21,3,75,11,No
Quattro Voci,MusicalGroup,16,Southern Gothic Rock,Southern Gothic Rock(9); Indie Pop(5); Emo/Pop Punk(1); Alternative Rock(1),1984,2030,46,16,69,6,No
Arctic Scholars,MusicalGroup,9,Indie Rock,Indie Rock(6); Lo-Fi Electronica(3),2006,2020,14,8,68,6,No
Megan Bennett,Person,15,Speed Metal,Speed Metal(8); Southern Gothic Rock(4); Alternative Rock(2); Indie Pop(1),1985,2030,45,15,66,19,No
Andrew Williams,Person,12,Southern Gothic Rock,Southern Gothic Rock(8); Indie Pop(3); Emo/Pop Punk(1),1994,2026,32,12,59,6,No
Szymon Pyć,Person,20,Southern Gothic Rock,Southern Gothic Rock(13); Emo/Pop Punk(4); Indie Pop(2); Blues Rock(1),1987,2027,40,20,57,16,No
Jing Kang,Person,8,Indie Rock,Indie Rock(5); Lo-Fi Electronica(3),2007,2029,22,7,57,7,No
Gerald Mullins,Person,14,Dream Pop,Dream Pop(6); Space Rock(2); Synthwave(2); Indie Rock(2); Post-Apocalyptic Folk(1); Symphonic Metal(1),2017,2029,12,12,56,52,No
Rachel Jackson,Person,8,Dream Pop,Dream Pop(5); Synthwave(2); Space Rock(1),2017,2028,11,8,47,42,No
Ante Reinhardt-Hande,Person,3,Indie Folk,Indie Folk(1); Dream Pop(1); Doom Metal(1),2007,2020,13,3,46,12,No
Susan Edwards,Person,3,Doom Metal,Doom Metal(1); Americana(1); Indie Folk(1),2013,2029,16,3,46,8,No
Sonic Renegade,MusicalGroup,12,Dream Pop,Dream Pop(6); Synthwave(2); Space Rock(1); Indie Rock(1); Post-Apocalyptic Folk(1); Symphonic Metal(1),2017,2029,12,10,46,48,No
Bekir Bruder,Person,8,Doom Metal,Doom Metal(3); Symphonic Metal(3); Indie Folk(2),2007,2023,16,8,44,29,No
Gang Cui,Person,5,Dream Pop,Dream Pop(2); Doom Metal(1); Jazz Surf Rock(1); Synthwave(1),2010,2019,9,5,44,10,No
Guiying Qin,Person,5,Dream Pop,Dream Pop(2); Doom Metal(1); Jazz Surf Rock(1); Synthwave(1),2010,2019,9,5,44,10,No
Ping Bai,Person,4,Lo-Fi Electronica,Lo-Fi Electronica(4),2003,2018,15,4,44,6,No
Guiying Bai,Person,14,Emo/Pop Punk,Emo/Pop Punk(12); Blues Rock(1); Southern Gothic Rock(1),2002,2029,27,13,44,13,No
Yang Wan,Person,16,Indie Folk,Indie Folk(6); Synthwave(5); Psychedelic Rock(2); Space Rock(1); Dream Pop(1); Oceanus Folk(1),1994,2027,33,16,43,55,Yes
Qiang Lei,Person,4,Lo-Fi Electronica,Lo-Fi Electronica(4),2002,2013,11,4,43,6,No
Corinna Gute,Person,8,Symphonic Metal,Symphonic Metal(2); Doom Metal(2); Indie Folk(2); Synthwave(1); Psychedelic Rock(1),2007,2027,20,8,42,28,No
Tao Yang,Person,11,Indie Folk,Indie Folk(5); Dream Pop(3); Synthwave(3),1994,2029,35,10,42,45,No
Joshua Herring,Person,10,Dream Pop,Dream Pop(3); Synthwave(3); Space Rock(2); Indie Rock(1); Symphonic Metal(1),2018,2029,11,10,42,38,No
John Anderson,Person,7,Dream Pop,Dream Pop(4); Space Rock(1); Synthwave(1); Post-Apocalyptic Folk(1),2017,2029,12,6,42,39,No
Matthew Hancock,Person,13,Dream Pop,Dream Pop(9); Alternative Rock(3); Jazz Surf Rock(1),1997,2015,18,13,39,10,No
Angelika Osojca,Person,15,Lo-Fi Electronica,Lo-Fi Electronica(10); Avant-Garde Folk(3); Southern Gothic Rock(1); Indie Pop(1),2007,2025,18,14,38,12,No
Li Lu,Person,5,Indie Rock,Indie Rock(3); Lo-Fi Electronica(2),2006,2020,14,5,37,4,No
Ming Jiang,Person,3,Doom Metal,Doom Metal(1); Desert Rock(1); Indie Folk(1),2017,2020,3,3,37,5,No
Gang Peng,Person,3,Doom Metal,Doom Metal(1); Desert Rock(1); Indie Folk(1),2017,2020,3,3,37,5,No
Li Duan,Person,3,Doom Metal,Doom Metal(1); Desert Rock(1); Indie Folk(1),2017,2020,3,3,37,5,No
Brian Wright,Person,12,Speed Metal,Speed Metal(5); Southern Gothic Rock(4); Alternative Rock(2); Avant-Garde Folk(1),1987,2030,43,12,36,11,No
Clémence Vincent,Person,3,Doom Metal,Doom Metal(2); Synthwave(1),2010,2020,10,3,35,27,No
Yong Zheng,Person,12,Avant-Garde Folk,Avant-Garde Folk(9); Emo/Pop Punk(1); Blues Rock(1); Alternative Rock(1),2004,2029,25,11,34,15,No
Jun Zhou,Person,6,Dream Pop,Dream Pop(3); Synthwave(2); Americana(1),1994,2030,36,5,34,28,No
Ping Tian,Person,17,Lo-Fi Electronica,Lo-Fi Electronica(8); Southern Gothic Rock(4); Alternative Rock(2); Indie Pop(1); Avant-Garde Folk(1); Blues Rock(1),1997,2025,28,16,34,18,No
Keith Larsen,Person,3,Indie Rock,Indie Rock(1); Dream Pop(1); Synthwave(1),2022,2029,7,3,34,4,No
Lei Liao,Person,9,Lo-Fi Electronica,Lo-Fi Electronica(7); Avant-Garde Folk(1); Alternative Rock(1),1997,2026,29,8,33,8,No
Mareen Schacht,Person,8,Emo/Pop Punk,Emo/Pop Punk(3); Indie Pop(2); Avant-Garde Folk(2); Southern Gothic Rock(1),1984,2023,39,8,33,13,No
Ming Long,Person,8,Jazz Surf Rock,Jazz Surf Rock(7); Synthwave(1),1998,2015,17,8,33,14,No
Min Cao,Person,6,Synthwave,Synthwave(3); Dream Pop(2); Indie Folk(1),1998,2021,23,6,32,13,No
Kelly Stewart,Person,8,Synthwave,Synthwave(3); Dream Pop(2); Space Rock(1); Indie Rock(1); Post-Apocalyptic Folk(1),2019,2029,10,6,32,35,No
Catherine Clay,Person,12,Dream Pop,Dream Pop(5); Indie Rock(3); Alternative Rock(3); Synthwave(1),1984,2020,36,11,32,13,No
Kavya Agrawal,Person,3,Dream Pop,Dream Pop(3),1981,2004,23,3,32,4,No
Zacharie Martins,Person,7,Doom Metal,Doom Metal(3); Oceanus Folk(3); Indie Folk(1),2007,2027,20,7,32,22,Yes
John Ramirez,Person,3,Lo-Fi Electronica,Lo-Fi Electronica(2); Indie Rock(1),2007,2017,10,2,32,3,No
Kashvi Dhillon,Person,8,Dream Pop,Dream Pop(8),2006,2018,12,7,32,17,No
Deborah Lucas,Person,10,Southern Gothic Rock,Southern Gothic Rock(4); Avant-Garde Folk(2); Emo/Pop Punk(2); Indie Pop(2),1984,2029,45,10,31,13,No
Yuta Tanaka,Person,9,Southern Gothic Rock,Southern Gothic Rock(6); Indie Pop(1); Alternative Rock(1); Blues Rock(1),1991,2026,35,9,31,8,No
Samantha Bullock,Person,8,Indie Pop,Indie Pop(3); Avant-Garde Folk(2); Blues Rock(1); Southern Gothic Rock(1); Alternative Rock(1),1983,2030,47,8,31,8,No
Przemysław Grupa,Person,3,Indie Pop,Indie Pop(1); Southern Gothic Rock(1); Blues Rock(1),1999,2013,14,3,30,6,No
Michael Boyd,Person,8,Indie Pop,Indie Pop(2); Avant-Garde Folk(2); Emo/Pop Punk(2); Blues Rock(1); Alternative Rock(1),1995,2027,32,7,30,10,No
Ignazio Pastine,Person,3,Oceanus Folk,Oceanus Folk(3),2007,2013,6,3,30,8,Yes
Yang Peng,Person,7,Emo/Pop Punk,Emo/Pop Punk(6); Avant-Garde Folk(1),2000,2014,14,6,29,7,No
Angelina Dallapé-Brunelleschi,Person,8,Alternative Rock,Alternative Rock(5); Dream Pop(3),2004,2024,20,8,29,6,No
Navya Sastry,Person,9,Dream Pop,Dream Pop(7); Indie Folk(1); Desert Rock(1),2006,2022,16,8,29,13,No
Georges Besnard,Person,7,Indie Folk,Indie Folk(2); Alternative Rock(2); Synthwave(1); Dream Pop(1); Blues Rock(1),1984,2013,29,7,29,8,No
Nordic Echo,MusicalGroup,6,Emo/Pop Punk,Emo/Pop Punk(5); Avant-Garde Folk(1),2000,2014,14,5,29,6,No
Li Lei,Person,3,Darkwave,Darkwave(2); Desert Rock(1),2019,2025,6,3,28,11,No
Xia Wu,Person,6,Emo/Pop Punk,Emo/Pop Punk(3); Lo-Fi Electronica(1); Speed Metal(1); Southern Gothic Rock(1),2003,2023,20,6,27,6,No
Kimberly Castillo,Person,9,Doom Metal,Doom Metal(4); Indie Folk(1); Blues Rock(1); Indie Rock(1); Symphonic Metal(1); Dream Pop(1),2007,2028,21,8,27,29,No
Robin Webster,Person,5,Indie Pop,Indie Pop(2); Avant-Garde Folk(1); Alternative Rock(1); Blues Rock(1),1991,2018,27,5,27,8,No
Michelotto Comisso,Person,8,Alternative Rock,Alternative Rock(5); Dream Pop(3),2005,2024,19,8,27,6,No
Ping Ding,Person,3,Doom Metal,Doom Metal(2); Synthpop(1),2007,2021,14,3,26,6,No
Ping Zhong,Person,8,Dream Pop,Dream Pop(3); Indie Folk(2); Americana(2); Synthwave(1),2012,2024,12,8,26,36,No
Jun Chang,Person,5,Symphonic Metal,Symphonic Metal(2); Doom Metal(2); Americana(1),2000,2020,20,5,26,12,No
Fang Bai,Person,6,Lo-Fi Electronica,Lo-Fi Electronica(6),1998,2020,22,5,26,11,No
Xiuying Fan,Person,6,Indie Folk,Indie Folk(2); Synthwave(2); Dream Pop(2),2008,2028,20,6,25,26,No
Barbara Weitzel,Person,4,Jazz Surf Rock,Jazz Surf Rock(3); Dream Pop(1),1987,2029,42,4,25,10,No
Yang Peng,Person,5,Synthwave,Synthwave(3); Indie Folk(1); Dream Pop(1),1998,2003,5,5,24,11,No
Konrad Goss,Person,4,Indie Pop,Indie Pop(2); Southern Gothic Rock(2),2002,2009,7,4,24,3,No
Jun Zou,Person,6,Lo-Fi Electronica,Lo-Fi Electronica(5); Indie Pop(1),2007,2025,18,5,24,10,No
Lei Yuan,Person,11,Indie Folk,Indie Folk(4); Synthwave(3); Space Rock(1); Americana(1); Symphonic Metal(1); Post-Apocalyptic Folk(1),2012,2028,16,11,24,33,No
Marcus Spence,Person,10,Indie Pop,Indie Pop(5); Southern Gothic Rock(4); Avant-Garde Folk(1),1985,2026,41,10,24,9,No
Zenith Horizon,MusicalGroup,6,Southern Gothic Rock,Southern Gothic Rock(3); Alternative Rock(1); Blues Rock(1); Emo/Pop Punk(1),1987,2029,42,6,23,12,No
Belinda Knappe,Person,9,Doom Metal,Doom Metal(4); Symphonic Metal(2); Indie Folk(2); Synthwave(1),2004,2023,19,9,22,25,No
Fang Zou,Person,9,Jazz Surf Rock,Jazz Surf Rock(5); Indie Rock(1); Lo-Fi Electronica(1); Dream Pop(1); Desert Rock(1),1996,2029,33,9,22,21,No
Gianfranco Falier,Person,6,Doom Metal,Doom Metal(3); Synthwave(1); Indie Rock(1); Dream Pop(1),2007,2025,18,6,22,27,No
Juan Fan,Person,6,Dream Pop,Dream Pop(3); Indie Folk(2); Americana(1),2012,2022,10,6,22,28,No
SideShift,MusicalGroup,6,Dream Pop,Dream Pop(3); Indie Folk(2); Americana(1),2012,2022,10,6,22,28,No
Yan Jin,Person,5,Emo/Pop Punk,Emo/Pop Punk(4); Avant-Garde Folk(1),2003,2014,11,5,21,6,No
Brian Johnson,Person,5,Dream Pop,Dream Pop(2); Synthwave(2); Desert Rock(1),2004,2020,16,5,21,21,No
Wei Du,Person,3,Lo-Fi Electronica,Lo-Fi Electronica(2); Psychedelic Rock(1),2009,2024,15,3,21,6,No
The Wandering Pulse,MusicalGroup,7,Alternative Rock,Alternative Rock(5); Dream Pop(2),2004,2024,20,7,21,4,No
Nordic Kitchen Collective,MusicalGroup,7,Dream Pop,Dream Pop(6); Americana(1),2020,2029,9,7,21,20,No
Leyla Graf-Gotthard,Person,16,Doom Metal,Doom Metal(11); Synthwave(3); Indie Folk(2),2007,2029,22,15,20,32,No
Michelangelo Nolcini,Person,4,Indie Rock,Indie Rock(3); Doom Metal(1),2015,2029,14,4,20,8,No
Jana Lindner,Person,8,Indie Pop,Indie Pop(4); Southern Gothic Rock(2); Emo/Pop Punk(1); Avant-Garde Folk(1),2005,2019,14,8,20,7,No
Laurie Campbell,Person,4,Emo/Pop Punk,Emo/Pop Punk(3); Indie Pop(1),1992,2013,21,4,20,4,No
Lucrezia Zamengo,Person,8,Alternative Rock,Alternative Rock(7); Dream Pop(1),2004,2024,20,8,20,6,No
Bradley Hayes,Person,4,Southern Gothic Rock,Southern Gothic Rock(2); Emo/Pop Punk(1); Blues Rock(1),1987,2029,42,4,20,8,No
Burrowing Rodent,MusicalGroup,5,Indie Rock,Indie Rock(3); Doom Metal(2),2015,2029,14,5,20,10,No
Juan Yin,Person,8,Americana,Americana(2); Space Rock(1); Dream Pop(1); Desert Rock(1); Symphonic Metal(1); Doom Metal(1); Post-Apocalyptic Folk(1),2013,2029,16,7,19,27,No
Nada Pechel,Person,3,Indie Rock,Indie Rock(3),2015,2029,14,3,19,6,No
Daniël Reijers,Person,8,Lo-Fi Electronica,Lo-Fi Electronica(6); Indie Rock(2),2013,2029,16,7,19,6,No
Vidur Kapadia,Person,3,Alternative Rock,Alternative Rock(3),2003,2010,7,3,19,2,No
Wei Yuan,Person,5,Dream Pop,Dream Pop(2); Desert Rock(2); Darkwave(1),2022,2028,6,5,19,15,No
Robert Garcia,Person,3,Dream Pop,Dream Pop(2); Synthwave(1),2017,2023,6,3,19,20,No
Angelina Sölzer,Person,4,Dream Pop,Dream Pop(4),2023,2028,5,4,19,23,No
Starseed,MusicalGroup,5,Dream Pop,Dream Pop(2); Desert Rock(2); Darkwave(1),2022,2028,6,5,19,15,No
Luminous Fracture,MusicalGroup,3,Dream Pop,Dream Pop(2); Synthwave(1),2017,2023,6,3,19,20,No
Juan Feng,Person,4,Synthwave,Synthwave(2); Psychedelic Rock(1); Indie Folk(1),1999,2017,18,2,18,13,No
Ping Meng,Person,8,Lo-Fi Electronica,Lo-Fi Electronica(7); Alternative Rock(1),2007,2027,20,8,18,14,No
Cindy Lübs,Person,6,Doom Metal,Doom Metal(2); Indie Folk(2); Symphonic Metal(1); Indie Rock(1),2007,2027,20,6,18,22,No
Eugenia Mitschke,Person,9,Indie Pop,Indie Pop(4); Southern Gothic Rock(2); Avant-Garde Folk(1); Blues Rock(1); Alternative Rock(1),2010,2029,19,9,18,15,No
Li Zheng,Person,5,Alternative Rock,Alternative Rock(2); Indie Pop(1); Avant-Garde Folk(1); Southern Gothic Rock(1),2010,2025,15,4,18,5,No
Chelsea Martinez,Person,10,Dream Pop,Dream Pop(4); Indie Folk(3); Indie Rock(2); Doom Metal(1),2007,2026,19,10,18,18,No
Xiuying Yao,Person,7,Darkwave,Darkwave(2); Dream Pop(2); Desert Rock(2); Post-Apocalyptic Folk(1),2019,2028,9,6,18,24,No
Radical Syntax,MusicalGroup,7,Doom Metal,Doom Metal(2); Blues Rock(1); Synthwave(1); Indie Rock(1); Symphonic Metal(1); Dream Pop(1),2010,2028,18,7,18,28,No
Liquid Vortex,MusicalGroup,3,Dream Pop,Dream Pop(3),2023,2028,5,3,18,14,No
Lunar Syntax,MusicalGroup,5,Dream Pop,Dream Pop(1); Desert Rock(1); Symphonic Metal(1); Doom Metal(1); Post-Apocalyptic Folk(1),2013,2024,11,5,18,12,No
Nathan Bryant,Person,4,Indie Rock,Indie Rock(1); Dream Pop(1); Desert Rock(1); Symphonic Metal(1),2011,2018,7,4,17,16,No
Lei Yan,Person,6,Jazz Surf Rock,Jazz Surf Rock(4); Indie Rock(1); Dream Pop(1),1996,2029,33,6,17,13,No
Yang Zhao,Person,7,Doom Metal,Doom Metal(3); Indie Folk(2); Dream Pop(2),2013,2022,9,7,17,36,No
Ida Hentschel,Person,5,Doom Metal,Doom Metal(4); Americana(1),2004,2020,16,5,17,14,No
Filippo Pelli,Person,10,Oceanus Folk,Oceanus Folk(4); Americana(2); Dream Pop(2); Doom Metal(1); Indie Folk(1),2004,2024,20,10,17,20,Yes
Xia Deng,Person,3,Southern Gothic Rock,Southern Gothic Rock(2); Desert Rock(1),1987,2022,35,3,17,7,No
Insurgencia,MusicalGroup,3,Lo-Fi Electronica,Lo-Fi Electronica(3),1998,2014,16,3,17,7,No
Li Luo,Person,7,Speed Metal,Speed Metal(7),1991,2013,22,7,16,8,No
Borys Kościk,Person,8,Dream Pop,Dream Pop(4); Jazz Surf Rock(3); Indie Folk(1),1991,2010,19,8,16,10,No
Guiying Shi,Person,6,Alternative Rock,Alternative Rock(4); Indie Pop(1); Indie Rock(1),1985,2029,44,6,16,8,No
Fang Zhong,Person,4,Dream Pop,Dream Pop(2); Americana(1); Synthwave(1),1998,2020,22,3,16,17,No
Lori Waters,Person,3,Psychedelic Rock,Psychedelic Rock(2); Dream Pop(1),2010,2018,8,2,16,10,No
Tonya Brown,Person,5,Doom Metal,Doom Metal(4); Indie Folk(1),2004,2023,19,5,16,11,No
Shaan Sanghvi,Person,5,Dream Pop,Dream Pop(5),1984,2017,33,5,16,12,No
Qiang Tang,Person,16,Indie Folk,Indie Folk(5); Doom Metal(5); Dream Pop(2); Synthwave(1); Americana(1); Symphonic Metal(1); Psychedelic Rock(1),2010,2029,19,15,16,72,No
Erdogan Baum,Person,5,Dream Pop,Dream Pop(3); Psychedelic Rock(1); Symphonic Metal(1),2013,2027,14,5,16,22,No
Karen Wright,Person,6,Avant-Garde Folk,Avant-Garde Folk(3); Indie Pop(2); Southern Gothic Rock(1),2015,2029,14,6,16,10,No
Tarini Hans,Person,5,Dream Pop,Dream Pop(4); Desert Rock(1),2012,2020,8,5,16,11,No
Min Gao,Person,3,Americana,Americana(1); Space Rock(1); Synthwave(1),2008,2024,16,3,16,15,No
Heidi Jones,Person,4,Post-Apocalyptic Folk,Post-Apocalyptic Folk(1); Dream Pop(1); Desert Rock(1); Symphonic Metal(1),2013,2024,11,4,16,9,No
Mike Robinson,Person,3,Dream Pop,Dream Pop(2); Space Rock(1),2019,2023,4,3,16,18,No
Denise White,Person,4,Synthwave,Synthwave(2); Dream Pop(2),2023,2028,5,4,16,25,No
Roy Tschentscher,Person,5,Dream Pop,Dream Pop(4); Synthwave(1),2023,2028,5,5,16,25,No
Twilight Riders,MusicalGroup,4,Synthwave,Synthwave(2); Dream Pop(2),2023,2028,5,4,16,25,No
Neue Schicht,MusicalGroup,3,Dream Pop,Dream Pop(2); Symphonic Metal(1),2012,2023,11,3,16,14,No
Necropolis Noir,MusicalGroup,3,Psychedelic Rock,Psychedelic Rock(2); Dream Pop(1),2010,2018,8,2,16,10,No
Regina Hesse,Person,11,Indie Folk,Indie Folk(5); Synthwave(2); Doom Metal(2); Dream Pop(2),2010,2029,19,11,15,47,No
Alisha Fuller,Person,4,Jazz Surf Rock,Jazz Surf Rock(1); Dream Pop(1); Synthwave(1); Doom Metal(1),2010,2019,9,4,15,9,No
Wei Ding,Person,4,Emo/Pop Punk,Emo/Pop Punk(4),2002,2024,22,3,15,4,No
David Wilcox,Person,7,Southern Gothic Rock,Southern Gothic Rock(3); Indie Pop(3); Avant-Garde Folk(1),1985,2026,41,6,15,3,No
Juan Qiao,Person,5,Emo/Pop Punk,Emo/Pop Punk(5),2000,2014,14,5,15,5,No
Erica Walton,Person,4,Dream Pop,Dream Pop(2); Indie Rock(1); Symphonic Metal(1),2018,2026,8,3,15,11,No
Matthew Yoder,Person,4,Dream Pop,Dream Pop(2); Indie Rock(1); Symphonic Metal(1),2018,2026,8,3,15,11,No
Gang Zhao,Person,9,Speed Metal,Speed Metal(8); Darkwave(1),1993,2013,20,9,14,13,No
Juan Jia,Person,3,Dream Pop,Dream Pop(2); Post-Apocalyptic Folk(1),2014,2029,15,3,14,11,No
Shannon Gordon,Person,7,Doom Metal,Doom Metal(4); Blues Rock(2); Symphonic Metal(1),1985,2024,39,5,14,11,No
Qiang Fang,Person,5,Dream Pop,Dream Pop(3); Synthwave(1); Desert Rock(1),2007,2030,23,5,14,33,No
Jun Xia,Person,8,Dream Pop,Dream Pop(3); Southern Gothic Rock(2); Psychedelic Rock(2); Indie Folk(1),2004,2029,25,8,14,29,No
Chad Hampton,Person,5,Alternative Rock,Alternative Rock(5),1997,2009,12,5,14,5,No
Ewelina Jeszke,Person,5,Indie Pop,Indie Pop(2); Avant-Garde Folk(1); Southern Gothic Rock(1); Blues Rock(1),1984,2029,45,5,14,6,No
Tina Hobbs,Person,3,Indie Rock,Indie Rock(1); Dream Pop(1); Synthwave(1),2020,2023,3,3,14,13,No
Xiuying Dai,Person,4,Desert Rock,Desert Rock(2); Indie Folk(1); Symphonic Metal(1),2010,2023,13,4,14,17,No
Yong Fu,Person,4,Indie Folk,Indie Folk(3); Doom Metal(1),2013,2024,11,4,14,19,No
Dominic Riehl,Person,3,Emo/Pop Punk,Emo/Pop Punk(2); Southern Gothic Rock(1),1997,2024,27,2,14,6,No
Isabella Farinelli,Person,5,Oceanus Folk,Oceanus Folk(3); Indie Folk(1); Dream Pop(1),2007,2024,17,4,14,12,Yes
Kathryn Golden,Person,7,Psychedelic Rock,Psychedelic Rock(5); Dream Pop(2),2016,2024,8,6,14,43,No
Karl-August Beyer,Person,3,Dream Pop,Dream Pop(3),2023,2028,5,3,14,14,No
Renegade Harmony,MusicalGroup,3,Dream Pop,Dream Pop(1); Synthwave(1); Doom Metal(1),2010,2018,8,3,14,9,No
Phantom Harmony,MusicalGroup,3,Doom Metal,Doom Metal(2); Indie Folk(1),2010,2013,3,3,14,6,No
Clayton Reed,Person,6,Avant-Garde Folk,Avant-Garde Folk(3); Indie Pop(2); Blues Rock(1),2010,2029,19,6,13,6,No
Guiying Ding,Person,3,Dream Pop,Dream Pop(1); Oceanus Folk(1); Jazz Surf Rock(1),2010,2025,15,3,13,16,Yes
Xiuying Huang,Person,8,Indie Folk,Indie Folk(5); Doom Metal(1); Oceanus Folk(1); Symphonic Metal(1),2010,2029,19,8,13,14,Yes
Donald Choi,Person,4,Indie Folk,Indie Folk(2); Doom Metal(2),2004,2020,16,4,13,10,No
Joseph Dixon,Person,3,Indie Rock,Indie Rock(2); Psychedelic Rock(1),2017,2026,9,3,13,42,No
Liliana Heidrich,Person,3,Indie Rock,Indie Rock(2); Psychedelic Rock(1),2017,2026,9,3,13,42,No
Lei Bai,Person,3,Symphonic Metal,Symphonic Metal(1); Americana(1); Doom Metal(1),2000,2014,14,3,13,9,No
Christine Gonzales,Person,5,Dream Pop,Dream Pop(4); Psychedelic Rock(1),2021,2029,8,5,13,29,No
Lisa Smith,Person,3,Southern Gothic Rock,Southern Gothic Rock(1); Avant-Garde Folk(1); Indie Pop(1),2015,2016,1,3,13,6,No
Hinrich Weimer,Person,3,Synthwave,Synthwave(2); Dream Pop(1),2023,2023,0,3,13,21,No
Intermezzo Collective,MusicalGroup,3,Symphonic Metal,Symphonic Metal(1); Americana(1); Doom Metal(1),2000,2014,14,3,13,9,No
Radiation Pulse,MusicalGroup,3,Indie Rock,Indie Rock(2); Psychedelic Rock(1),2017,2026,9,3,13,42,No
Jakub Dziuda,Person,4,Dream Pop,Dream Pop(2); Jazz Surf Rock(1); Indie Folk(1),1991,2000,9,4,12,8,No
Klaus-Günter Kensy,Person,4,Indie Rock,Indie Rock(1); Indie Folk(1); Symphonic Metal(1); Doom Metal(1),2007,2023,16,4,12,12,No
Rei Ito,Person,4,Dream Pop,Dream Pop(3); Doom Metal(1),1990,2026,36,4,12,16,No
Wei Gao,Person,3,Dream Pop,Dream Pop(1); Indie Folk(1); Oceanus Folk(1),2017,2023,6,3,12,12,Yes
Nela Melcer,Person,3,Southern Gothic Rock,Southern Gothic Rock(2); Indie Pop(1),2009,2013,4,3,12,1,No
Theresa Rivera,Person,6,Indie Folk,Indie Folk(2); Doom Metal(2); Oceanus Folk(1); Synthwave(1),2010,2028,18,6,12,20,Yes
Jing Wang,Person,5,Indie Folk,Indie Folk(3); Symphonic Metal(1); Americana(1),2010,2023,13,5,12,12,No
Vanessa Ramos,Person,6,Desert Rock,Desert Rock(3); Indie Folk(1); Dream Pop(1); Oceanus Folk(1),2014,2027,13,6,12,20,Yes
Kelli Rodriguez,Person,3,Psychedelic Rock,Psychedelic Rock(3),2016,2022,6,3,12,15,No
Ashley Cox PhD,Person,4,Psychedelic Rock,Psychedelic Rock(4),2016,2022,6,4,12,23,No
Nathan Perez,Person,5,Psychedelic Rock,Psychedelic Rock(4); Dream Pop(1),2016,2024,8,5,12,35,No
Verdant Pulse,MusicalGroup,4,Dream Pop,Dream Pop(3); Desert Rock(1),2013,2020,7,3,12,8,No
Blueprints,MusicalGroup,4,Psychedelic Rock,Psychedelic Rock(4),2016,2022,6,4,12,22,No
Primal Rhythm,MusicalGroup,4,Psychedelic Rock,Psychedelic Rock(4),2016,2022,6,4,12,23,No
Pulse Collective,MusicalGroup,4,Dream Pop,Dream Pop(3); Psychedelic Rock(1),2021,2029,8,4,12,24,No
Min Ye,Person,4,Southern Gothic Rock,Southern Gothic Rock(2); Indie Pop(1); Emo/Pop Punk(1),1996,2025,29,4,11,3,No
Gang Bai,Person,6,Synthwave,Synthwave(4); Indie Rock(1); Indie Folk(1),2007,2022,15,6,11,16,No
Marcel Derek,Person,3,Synthwave,Synthwave(2); Doom Metal(1),1994,2010,16,3,11,6,No
Xiulan Yi,Person,5,Doom Metal,Doom Metal(2); Oceanus Folk(1); Indie Folk(1); Dream Pop(1),1994,2023,29,5,11,13,Yes
Sandro Gröttner,Person,10,Doom Metal,Doom Metal(8); Indie Rock(1); Americana(1),2007,2026,19,10,11,12,No
Jadwiga Gertz,Person,3,Doom Metal,Doom Metal(3),2004,2013,9,3,11,12,No
Juan Zhong,Person,5,Indie Folk,Indie Folk(2); Dream Pop(1); Symphonic Metal(1); Americana(1),2012,2023,11,5,11,29,No
Michael Holloway,Person,3,Dream Pop,Dream Pop(3),2021,2029,8,3,11,23,No
Ming Qiao,Person,4,Doom Metal,Doom Metal(2); Synthwave(1); Desert Rock(1),2004,2026,22,4,11,9,No
Jun Ye,Person,4,Doom Metal,Doom Metal(2); Synthwave(1); Desert Rock(1),2004,2026,22,4,11,9,No
Gang Zheng,Person,3,Doom Metal,Doom Metal(2); Synthwave(1),2013,2026,13,3,11,11,No
Alfred Thibault,Person,3,Oceanus Folk,Oceanus Folk(3),2004,2010,6,3,11,5,Yes
Xiuying Li,Person,4,Oceanus Folk,Oceanus Folk(2); Indie Folk(2),2022,2030,8,4,11,8,Yes
Xia Cui,Person,4,Oceanus Folk,Oceanus Folk(2); Indie Folk(2),2022,2030,8,4,11,8,Yes
Yasmin Verschut,Person,4,Alternative Rock,Alternative Rock(4),2008,2023,15,4,11,3,No
Lori Hall,Person,4,Blues Rock,Blues Rock(2); Southern Gothic Rock(2),1993,2026,33,4,11,3,No
Laura Turner,Person,4,Indie Folk,Indie Folk(2); Dream Pop(1); Synthwave(1),2017,2021,4,4,11,10,No
Samuel Rogers,Person,5,Psychedelic Rock,Psychedelic Rock(4); Dream Pop(1),2016,2024,8,5,11,39,No
Fang Wu,Person,3,Symphonic Metal,Symphonic Metal(2); Oceanus Folk(1),2017,2028,11,3,11,9,Yes
Interval Shift,MusicalGroup,7,Americana,Americana(2); Dream Pop(2); Doom Metal(1); Oceanus Folk(1); Indie Folk(1),2004,2024,20,7,11,19,Yes
Sovereign Elect,MusicalGroup,4,Alternative Rock,Alternative Rock(4),1997,2010,13,4,11,5,No
Rusty Anvil,MusicalGroup,3,Doom Metal,Doom Metal(2); Indie Folk(1),2004,2014,10,3,11,5,No
Synaptic Stream,MusicalGroup,3,Oceanus Folk,Oceanus Folk(3),2004,2010,6,3,11,5,Yes
Xiulan Zeng,Person,7,Lo-Fi Electronica,Lo-Fi Electronica(5); Indie Rock(1); Americana(1),2013,2029,16,6,10,10,No
Miki Hayashi,Person,7,Indie Folk,Indie Folk(3); Desert Rock(2); Doom Metal(1); Americana(1),1994,2029,35,7,10,30,No
Beth Carpenter,Person,3,Doom Metal,Doom Metal(3),2007,2013,6,2,10,4,No
Jing Cui,Person,9,Americana,Americana(2); Synthwave(2); Jazz Surf Rock(2); Doom Metal(1); Dream Pop(1); Darkwave(1),2007,2029,22,9,10,48,No
Xia Ding,Person,4,Dream Pop,Dream Pop(3); Americana(1),2024,2029,5,4,10,13,No
Qiang He,Person,6,Dream Pop,Dream Pop(5); Americana(1),2024,2029,5,6,10,18,No
Qiang Zhao,Person,6,Dream Pop,Dream Pop(5); Americana(1),2024,2029,5,6,10,16,No
Emily Nelson,Person,6,Dream Pop,Dream Pop(6),2024,2029,5,6,10,20,No
Min Kong,Person,9,Indie Folk,Indie Folk(5); Americana(2); Oceanus Folk(1); Doom Metal(1),2013,2029,16,9,10,33,Yes
Marek Oleksa,Person,3,Southern Gothic Rock,Southern Gothic Rock(3),2009,2013,4,3,10,2,No
Yong Lai,Person,3,Oceanus Folk,Oceanus Folk(2); Synthwave(1),2021,2026,5,2,10,6,Yes
Juan Yu,Person,4,Oceanus Folk,Oceanus Folk(3); Synthwave(1),2021,2026,5,3,10,6,Yes
Lei Jin,Person,4,Oceanus Folk,Oceanus Folk(3); Synthwave(1),2021,2026,5,3,10,6,Yes
Silvia Sölzer-van der Dussen,Person,3,Blues Rock,Blues Rock(2); Jazz Surf Rock(1),1998,2004,6,3,10,6,No
Na Lai,Person,6,Dream Pop,Dream Pop(2); Jazz Surf Rock(1); Doom Metal(1); Synthwave(1); Oceanus Folk(1),1995,2024,29,6,10,20,Yes
Marcia Davis,Person,4,Dream Pop,Dream Pop(3); Synthwave(1),1992,2007,15,3,10,4,No
Xiulan Shi,Person,3,Lo-Fi Electronica,Lo-Fi Electronica(2); Indie Rock(1),2013,2017,4,3,10,5,No
Xiulan Hou,Person,3,Dream Pop,Dream Pop(2); Indie Folk(1),2017,2023,6,3,10,15,No
Catherine Prévost,Person,4,Indie Folk,Indie Folk(3); Synthwave(1),1987,2013,26,4,10,1,No
Aimée van Dijk,Person,5,Psychedelic Rock,Psychedelic Rock(3); Dream Pop(1); Synthwave(1),2007,2026,19,5,10,18,No
Vincentio Gentili,Person,6,Oceanus Folk,Oceanus Folk(3); Doom Metal(1); Americana(1); Dream Pop(1),2004,2012,8,6,10,6,Yes
Serena Lettiere,Person,6,Oceanus Folk,Oceanus Folk(3); Doom Metal(1); Americana(1); Dream Pop(1),2004,2012,8,6,10,6,Yes
Ismet Heser,Person,4,Indie Pop,Indie Pop(2); Southern Gothic Rock(2),1993,2026,33,3,10,3,No
Yong Wang,Person,6,Synthwave,Synthwave(2); Desert Rock(1); Dream Pop(1); Oceanus Folk(1); Indie Rock(1),1997,2025,28,6,10,20,Yes
Fang Cui,Person,3,Indie Folk,Indie Folk(1); Dream Pop(1); Synthwave(1),2022,2030,8,2,10,11,No
Preset Protocol,MusicalGroup,3,Alternative Rock,Alternative Rock(3),2008,2022,14,3,10,2,No
Lunar Drift,MusicalGroup,3,Indie Folk,Indie Folk(1); Dream Pop(1); Synthwave(1),2022,2030,8,2,10,11,No
Cristian Bonilla,Person,5,Synthwave,Synthwave(3); Dream Pop(1); Space Rock(1),2007,2027,20,5,9,18,No
Yan Cai,Person,9,Indie Folk,Indie Folk(3); Synthwave(3); Doom Metal(2); Americana(1),2007,2025,18,9,9,17,No
Yong Dong,Person,9,Americana,Americana(3); Indie Folk(2); Oceanus Folk(2); Synthpop(1); Dream Pop(1),2010,2029,19,9,9,31,Yes
Yong Shen,Person,3,Oceanus Folk,Oceanus Folk(2); Synthwave(1),2021,2023,2,2,9,6,Yes
Rachel Hill,Person,3,Indie Folk,Indie Folk(1); Doom Metal(1); Synthwave(1),2007,2017,10,3,9,11,No
Xiuying Yin,Person,9,Synthwave,Synthwave(2); Psychedelic Rock(2); Space Rock(2); Doom Metal(1); Americana(1); Dream Pop(1),2017,2029,12,9,9,33,No
Scott Sanders,Person,3,Psychedelic Rock,Psychedelic Rock(2); Desert Rock(1),2017,2026,9,3,9,8,No
David Miles,Person,3,Dream Pop,Dream Pop(1); Synthwave(1); Doom Metal(1),1994,2007,13,3,9,8,No
Meike van Boven,Person,4,Doom Metal,Doom Metal(2); Psychedelic Rock(1); Dream Pop(1),2007,2029,22,4,9,21,No
Cynthia Dixon,Person,8,Synthwave,Synthwave(2); Indie Folk(2); Jazz Surf Rock(2); Americana(1); Dream Pop(1),2013,2025,12,8,9,20,No
Christine Ward,Person,3,Doom Metal,Doom Metal(1); Oceanus Folk(1); Indie Folk(1),2017,2023,6,3,9,15,Yes
Gang Qin,Person,4,Indie Rock,Indie Rock(1); Desert Rock(1); Synthwave(1); Dream Pop(1),2010,2032,22,4,9,14,No
Tina Raymond,Person,3,Indie Folk,Indie Folk(2); Dream Pop(1),2013,2019,6,3,9,12,No
Lei Qiu,Person,3,Synthwave,Synthwave(1); Indie Folk(1); Dream Pop(1),2022,2029,7,2,9,13,No
Zachary Harris,Person,6,Indie Rock,Indie Rock(3); Dream Pop(1); Synthwave(1); Doom Metal(1),2013,2026,13,6,9,14,No
Wei Cheng,Person,3,Dream Pop,Dream Pop(2); Oceanus Folk(1),2007,2020,13,3,9,7,Yes
Ochre,MusicalGroup,9,Doom Metal,Doom Metal(7); Indie Rock(1); Americana(1),2007,2026,19,9,9,12,No
Sonora Flux,MusicalGroup,3,Doom Metal,Doom Metal(1); Oceanus Folk(1); Indie Folk(1),2017,2023,6,3,9,15,Yes
Nordisk Resonans,MusicalGroup,3,Indie Folk,Indie Folk(1); Dream Pop(1); Synthwave(1),2017,2022,5,3,9,11,No
Loretta Roberts,Person,3,Southern Gothic Rock,Southern Gothic Rock(2); Emo/Pop Punk(1),1996,2025,29,3,8,3,No
Brandon Vasquez,Person,4,Alternative Rock,Alternative Rock(2); Blues Rock(1); Southern Gothic Rock(1),2006,2027,21,4,8,6,No
Jing Tian,Person,3,Psychedelic Rock,Psychedelic Rock(1); Dream Pop(1); Space Rock(1),2023,2028,5,3,8,16,No
Tobias Etzold-Dörr,Person,5,Doom Metal,Doom Metal(3); Indie Rock(1); Post-Apocalyptic Folk(1),2013,2025,12,5,8,19,No
Leo Eberth,Person,5,Doom Metal,Doom Metal(3); Indie Folk(1); Indie Rock(1),2017,2024,7,4,8,21,No
Martine Normand,Person,5,Blues Rock,Blues Rock(2); Southern Gothic Rock(2); Alternative Rock(1),1991,2013,22,5,8,12,No
Tao Cui,Person,4,Dream Pop,Dream Pop(2); Desert Rock(1); Psychedelic Rock(1),2017,2029,12,4,8,14,No
Ping Zeng,Person,6,Dream Pop,Dream Pop(3); Desert Rock(1); Oceanus Folk(1); Doom Metal(1),2024,2027,3,6,8,24,Yes
Coriolano Luria-Scialpi,Person,3,Dream Pop,Dream Pop(1); Doom Metal(1); Oceanus Folk(1),2004,2024,20,3,8,9,Yes
Monica Nelson,Person,4,Oceanus Folk,Oceanus Folk(2); Dream Pop(1); Doom Metal(1),2017,2026,9,4,8,16,Yes
Silvio Krause,Person,6,Doom Metal,Doom Metal(4); Indie Rock(1); Americana(1),2007,2026,19,6,8,10,No
Renee Williams,Person,4,Synthwave,Synthwave(2); Doom Metal(2),2012,2025,13,4,8,7,No
Maik Mude,Person,8,Indie Pop,Indie Pop(5); Emo/Pop Punk(2); Blues Rock(1),1984,2020,36,8,8,11,No
Jamie Ramos,Person,3,Speed Metal,Speed Metal(3),1998,2001,3,3,8,3,No
Kendra Rivera,Person,3,Synthwave,Synthwave(2); Dream Pop(1),1997,2014,17,3,8,9,No
Brian Hughes,Person,5,Indie Folk,Indie Folk(4); Synthwave(1),2020,2030,10,5,8,7,No
Jonathan Poole,Person,4,Indie Pop,Indie Pop(2); Southern Gothic Rock(2),1991,2013,22,4,8,1,No
Thomas Harrison,Person,3,Space Rock,Space Rock(2); Synthwave(1),2010,2018,8,3,8,4,No
Guglielmo Canetta,Person,4,Oceanus Folk,Oceanus Folk(2); Doom Metal(1); Dream Pop(1),2004,2007,3,4,8,4,Yes
Robert Knight,Person,4,Americana,Americana(3); Doom Metal(1),1994,2010,16,4,8,18,No
Yan Yin,Person,3,Lo-Fi Electronica,Lo-Fi Electronica(3),2017,2024,7,3,8,3,No
Ping Xia,Person,3,Lo-Fi Electronica,Lo-Fi Electronica(3),2017,2024,7,3,8,3,No
Cheryl Carter,Person,5,Doom Metal,Doom Metal(1); Indie Rock(1); Americana(1); Synthpop(1); Indie Folk(1),2012,2024,12,5,8,7,No
Qiang Gao,Person,4,Psychedelic Rock,Psychedelic Rock(2); Synthwave(1); Space Rock(1),2013,2019,6,4,8,16,No
Pamela Chan,Person,3,Indie Rock,Indie Rock(3),2007,2017,10,3,8,13,No
Amy Lee,Person,4,Indie Rock,Indie Rock(3); Space Rock(1),2007,2026,19,4,8,16,No
Xiulan Yao,Person,3,Synthwave,Synthwave(1); Indie Folk(1); Americana(1),2015,2023,8,3,8,11,No
Jun Dai,Person,5,Jazz Surf Rock,Jazz Surf Rock(3); Psychedelic Rock(1); Americana(1),2020,2028,8,5,8,24,No
Bryan Smith,Person,3,Desert Rock,Desert Rock(1); Oceanus Folk(1); Synthwave(1),2013,2029,16,3,8,9,Yes
Katrina Hendricks,Person,3,Alternative Rock,Alternative Rock(3),1997,2007,10,3,8,3,No
Jun Yi,Person,3,Doom Metal,Doom Metal(2); Indie Folk(1),2007,2015,8,3,8,8,No
Synaptic Collapse,MusicalGroup,4,Lo-Fi Electronica,Lo-Fi Electronica(4),2013,2020,7,4,8,4,No
Whispers & Echoes,MusicalGroup,4,Doom Metal,Doom Metal(2); Post-Apocalyptic Folk(1); Indie Rock(1),2013,2025,12,4,8,17,No
Midnight Harvest,MusicalGroup,3,Indie Rock,Indie Rock(1); Synthwave(1); Dream Pop(1),2010,2032,22,3,8,11,No
Shared Secrets,MusicalGroup,3,Doom Metal,Doom Metal(3),2007,2013,6,3,8,7,No
Sonic Pulse,MusicalGroup,4,Speed Metal,Speed Metal(4),1998,2003,5,4,8,3,No
Guiying Pan,Person,4,Psychedelic Rock,Psychedelic Rock(2); Americana(2),2013,2023,10,4,7,15,No
Ming Ren,Person,5,Americana,Americana(2); Indie Folk(2); Indie Rock(1),2000,2023,23,5,7,17,No
Qiang Meng,Person,3,Dream Pop,Dream Pop(2); Post-Apocalyptic Folk(1),2006,2022,16,3,7,8,No
Hilmar Hänel,Person,3,Doom Metal,Doom Metal(2); Indie Rock(1),2004,2023,19,3,7,11,No
Kelsey Campbell,Person,3,Alternative Rock,Alternative Rock(2); Southern Gothic Rock(1),1992,2020,28,3,7,8,No
Xiulan Ren,Person,3,Lo-Fi Electronica,Lo-Fi Electronica(3),2014,2023,9,3,7,4,No
Guiying Liao,Person,5,Desert Rock,Desert Rock(2); Oceanus Folk(2); Synthwave(1),2023,2029,6,5,7,12,Yes
Yan Zou,Person,5,Desert Rock,Desert Rock(2); Oceanus Folk(2); Synthwave(1),2023,2029,6,5,7,12,Yes
Yan Qin,Person,9,Doom Metal,Doom Metal(3); Indie Folk(2); Synthwave(2); Desert Rock(1); Dream Pop(1),2007,2029,22,9,7,26,No
Jing Kang,Person,4,Indie Folk,Indie Folk(2); Oceanus Folk(1); Symphonic Metal(1),2013,2026,13,4,7,6,Yes
Ping Sun,Person,3,Synthwave,Synthwave(1); Blues Rock(1); Oceanus Folk(1),2026,2029,3,3,7,9,Yes
Élodie Albert,Person,3,Blues Rock,Blues Rock(3),1991,2004,13,3,7,6,No
Maggie Faivre,Person,3,Blues Rock,Blues Rock(3),1991,2004,13,3,7,6,No
Marianna Stefanik,Person,3,Indie Folk,Indie Folk(2); Dream Pop(1),1990,2029,39,3,7,5,No
Daniel Lyons,Person,9,Alternative Rock,Alternative Rock(2); Psychedelic Rock(2); Synthwave(1); Post-Apocalyptic Folk(1); Dream Pop(1); Desert Rock(1); Emo/Pop Punk(1),2013,2029,16,9,7,23,No
Martino Michelangeli,Person,5,Americana,Americana(2); Oceanus Folk(1); Indie Folk(1); Dream Pop(1),2010,2017,7,5,7,15,Yes
Christopher Smith,Person,3,Dream Pop,Dream Pop(3),2007,2014,7,3,7,2,No
Xiuying Tang,Person,7,Dream Pop,Dream Pop(3); Synthwave(1); Lo-Fi Electronica(1); Synthpop(1); Psychedelic Rock(1),2013,2029,16,7,7,36,No
Sean Jones,Person,5,Southern Gothic Rock,Southern Gothic Rock(2); Indie Pop(2); Emo/Pop Punk(1),1991,2020,29,4,7,5,No
Laura Sanchez,Person,5,Avant-Garde Folk,Avant-Garde Folk(3); Southern Gothic Rock(2),1992,2022,30,5,7,5,No
Stacey Taylor,Person,3,Southern Gothic Rock,Southern Gothic Rock(3),1988,2001,13,3,7,6,No
Na Xiao,Person,3,Psychedelic Rock,Psychedelic Rock(2); Dream Pop(1),1991,2022,31,3,7,20,No
Min Shen,Person,3,Indie Pop,Indie Pop(2); Lo-Fi Electronica(1),1997,2017,20,2,7,4,No
Tao Xie,Person,5,Synthwave,Synthwave(2); Americana(1); Doom Metal(1); Indie Folk(1),2014,2025,11,5,7,13,No
Gang Sun,Person,3,Indie Folk,Indie Folk(2); Doom Metal(1),2020,2027,7,2,7,11,No
Guiying Liao,Person,5,Dream Pop,Dream Pop(2); Space Rock(2); Indie Rock(1),2010,2025,15,5,7,14,No
Na Ren,Person,5,Americana,Americana(2); Doom Metal(1); Indie Folk(1); Space Rock(1),2020,2025,5,5,7,23,No
Dhanuk Hari,Person,3,Speed Metal,Speed Metal(2); Alternative Rock(1),2005,2017,12,3,7,4,No
Nicola Bernetti,Person,4,Oceanus Folk,Oceanus Folk(2); Dream Pop(1); Americana(1),2004,2012,8,4,7,6,Yes
Fang Lu,Person,3,Indie Folk,Indie Folk(3),2013,2023,10,3,7,22,No
Kaitlyn Warren,Person,3,Dream Pop,Dream Pop(1); Alternative Rock(1); Indie Folk(1),1985,1997,12,3,7,4,No
Ming Zhu,Person,3,Indie Folk,Indie Folk(2); Desert Rock(1),2020,2029,9,3,7,13,No
Yui Fukuda,Person,3,Blues Rock,Blues Rock(2); Southern Gothic Rock(1),1992,2007,15,3,7,5,No
Vasyl Jaroš,Person,3,Speed Metal,Speed Metal(1); Alternative Rock(1); Avant-Garde Folk(1),1984,2030,46,2,7,9,No
Wulf Lübs,Person,3,Dream Pop,Dream Pop(3),2017,2029,12,3,7,22,No
David Lopez,Person,3,Doom Metal,Doom Metal(2); Synthwave(1),2004,2013,9,3,7,7,No
Karina Hess,Person,4,Indie Rock,Indie Rock(2); Doom Metal(2),2010,2028,18,4,7,23,No
Lei Hu,Person,4,Indie Folk,Indie Folk(2); Americana(2),2013,2029,16,4,7,19,No
Rolando Gagliardi,Person,4,Dream Pop,Dream Pop(2); Doom Metal(1); Synthpop(1),2017,2028,11,2,7,12,No
Joker's Smile,MusicalGroup,4,Doom Metal,Doom Metal(1); Oceanus Folk(1); Dream Pop(1); Americana(1),2004,2012,8,4,7,5,Yes
The Seekers,MusicalGroup,4,Doom Metal,Doom Metal(2); Symphonic Metal(1); Psychedelic Rock(1),2004,2017,13,4,7,13,No
Psycho Twang,MusicalGroup,3,Desert Rock,Desert Rock(1); Indie Folk(1); Doom Metal(1),2017,2029,12,3,7,10,No
Stormens Sång,MusicalGroup,3,Indie Rock,Indie Rock(3),2017,2024,7,2,7,4,No
Xiuying Meng,Person,3,Darkwave,Darkwave(2); Doom Metal(1),2020,2027,7,2,6,11,No
Peter Haering,Person,7,Doom Metal,Doom Metal(3); Indie Folk(2); Post-Apocalyptic Folk(1); Indie Rock(1),2013,2025,12,7,6,20,No
Christopher Lee,Person,4,Southern Gothic Rock,Southern Gothic Rock(2); Indie Pop(1); Blues Rock(1),1992,2025,33,4,6,13,No
Na Fan,Person,5,Dream Pop,Dream Pop(2); Darkwave(2); Symphonic Metal(1),2022,2029,7,5,6,17,No
Min Liao,Person,3,Psychedelic Rock,Psychedelic Rock(2); Americana(1),2015,2024,9,3,6,14,No
Florian van Santen-Sanders,Person,6,Psychedelic Rock,Psychedelic Rock(3); Dream Pop(1); Americana(1); Synthwave(1),2013,2026,13,6,6,19,No
Jie Lai,Person,5,Americana,Americana(2); Synthwave(2); Indie Folk(1),2013,2025,12,5,6,14,No
Fang Su,Person,6,Synthwave,Synthwave(3); Doom Metal(3),2010,2028,18,6,6,20,No
Guiying Cao,Person,3,Indie Folk,Indie Folk(1); Doom Metal(1); Oceanus Folk(1),2010,2026,16,3,6,8,Yes
Guiying Yan,Person,6,Symphonic Metal,Symphonic Metal(2); Indie Folk(1); Doom Metal(1); Desert Rock(1); Dream Pop(1),2017,2029,12,5,6,21,No
Jie Cui,Person,3,Oceanus Folk,Oceanus Folk(2); Synthwave(1),2023,2029,6,3,6,6,Yes
Lei Duan,Person,8,Space Rock,Space Rock(2); Americana(2); Dream Pop(2); Indie Rock(1); Indie Folk(1),1991,2028,37,8,6,37,No
Yan Han,Person,3,Space Rock,Space Rock(1); Dream Pop(1); Symphonic Metal(1),2020,2028,8,3,6,11,No
Luigina Camuccini,Person,3,Doom Metal,Doom Metal(1); Indie Folk(1); Indie Rock(1),2004,2025,21,3,6,10,No
Ellen Ford,Person,4,Indie Pop,Indie Pop(3); Southern Gothic Rock(1),2006,2026,20,3,6,4,No
Rebekka Lehmann,Person,3,Symphonic Metal,Symphonic Metal(2); Doom Metal(1),2010,2023,13,3,6,5,No
Vito Stroh,Person,4,Southern Gothic Rock,Southern Gothic Rock(2); Indie Pop(1); Avant-Garde Folk(1),1992,2023,31,4,6,9,No
Alla Lorch,Person,5,Doom Metal,Doom Metal(4); Americana(1),2007,2023,16,5,6,8,No
Yan Tang,Person,3,Americana,Americana(2); Indie Folk(1),2010,2023,13,3,6,15,No
Lei Yang,Person,4,Indie Folk,Indie Folk(1); Dream Pop(1); Alternative Rock(1); Synthwave(1),2010,2023,13,4,6,12,No
Aneta Pruschke-Sölzer,Person,3,Oceanus Folk,Oceanus Folk(2); Dream Pop(1),2010,2017,7,3,6,6,Yes
Li Gu,Person,6,Synthwave,Synthwave(3); Doom Metal(2); Indie Rock(1),2020,2028,8,6,6,15,No
Antonietta Zaccagnini,Person,3,Doom Metal,Doom Metal(1); Indie Rock(1); Synthwave(1),2004,2027,23,3,6,6,No
Qiang Xie,Person,4,Dream Pop,Dream Pop(2); Jazz Surf Rock(1); Oceanus Folk(1),2023,2029,6,4,6,25,Yes
Melanie Jimenez,Person,5,Synthwave,Synthwave(3); Alternative Rock(1); Dream Pop(1),1994,2023,29,5,6,6,No
Kelsey Hernandez,Person,6,Speed Metal,Speed Metal(6),2017,2026,9,6,6,27,No
Dwayne Wilson,Person,5,Speed Metal,Speed Metal(5),2017,2026,9,5,6,25,No
Arnaude Joseph-Lacombe,Person,5,Indie Folk,Indie Folk(2); Doom Metal(1); Indie Rock(1); Dream Pop(1),2017,2027,10,4,6,20,No
Qiang Song,Person,5,Dream Pop,Dream Pop(2); Darkwave(1); Post-Apocalyptic Folk(1); Indie Folk(1),2017,2032,15,5,6,19,No
Francesca Maglio,Person,4,Dream Pop,Dream Pop(1); Indie Rock(1); Doom Metal(1); Synthwave(1),2004,2030,26,4,6,17,No
Dennis Bush,Person,3,Americana,Americana(2); Doom Metal(1),1994,2007,13,3,6,10,No
Sean Rodgers,Person,4,Doom Metal,Doom Metal(4),2001,2023,22,4,6,15,No
Yan Kang,Person,5,Indie Pop,Indie Pop(1); Blues Rock(1); Emo/Pop Punk(1); Speed Metal(1); Alternative Rock(1),2005,2024,19,5,6,6,No
Xiuying Cheng,Person,4,Dream Pop,Dream Pop(2); Indie Rock(1); Desert Rock(1),2017,2032,15,4,6,15,No
Dennis Lee,Person,6,Southern Gothic Rock,Southern Gothic Rock(3); Blues Rock(2); Alternative Rock(1),2007,2029,22,6,6,10,No
Andrej Ruppersberger,Person,4,Blues Rock,Blues Rock(4),2000,2010,10,4,6,7,No
Kristin Anderson,Person,3,Desert Rock,Desert Rock(2); Dream Pop(1),2020,2027,7,3,6,8,No
Ming Xiang,Person,3,Indie Folk,Indie Folk(2); Desert Rock(1),2013,2029,16,3,6,15,No
Charles Vazquez,Person,4,Lo-Fi Electronica,Lo-Fi Electronica(1); Oceanus Folk(1); Synthwave(1); Post-Apocalyptic Folk(1),2000,2026,26,4,6,17,Yes
Jessica Peck,Person,3,Lo-Fi Electronica,Lo-Fi Electronica(2); Alternative Rock(1),2011,2030,19,3,6,9,No
Giuliana Costanzi,Person,4,Doom Metal,Doom Metal(2); Indie Folk(1); Synthwave(1),2017,2027,10,4,6,10,No
Bogdan Gehringer,Person,3,Symphonic Metal,Symphonic Metal(1); Indie Folk(1); Doom Metal(1),2007,2027,20,3,6,20,No
Scott Mckinney,Person,3,Desert Rock,Desert Rock(2); Dream Pop(1),2020,2027,7,3,6,8,No
Terry Gonzalez,Person,3,Desert Rock,Desert Rock(2); Dream Pop(1),2020,2027,7,3,6,8,No
Peter Jacobi Jäckel,Person,3,Desert Rock,Desert Rock(2); Dream Pop(1),2020,2027,7,3,6,8,No
Linda Reed,Person,6,Indie Rock,Indie Rock(3); Dream Pop(1); Synthwave(1); Indie Folk(1),2020,2026,6,5,6,10,No
Juan Shi,Person,3,Jazz Surf Rock,Jazz Surf Rock(1); Synthwave(1); Space Rock(1),2003,2026,23,3,6,10,No
Echoes of Arcadia,MusicalGroup,4,Speed Metal,Speed Metal(4),2017,2023,6,4,6,21,No
Snout Noise,MusicalGroup,3,Indie Folk,Indie Folk(2); Americana(1),2013,2020,7,3,6,12,No
Prisma Flux,MusicalGroup,3,Desert Rock,Desert Rock(2); Dream Pop(1),2020,2027,7,3,6,8,No
Whisper the Thistles,MusicalGroup,3,Doom Metal,Doom Metal(3),2013,2023,10,3,6,3,No
Diaspora Rising,MusicalGroup,3,Blues Rock,Blues Rock(3),2000,2004,4,3,6,4,No
Arco Luminoso,MusicalGroup,3,Darkwave,Darkwave(2); Dream Pop(1),2022,2028,6,3,6,11,No
Fallen Cherubs,MusicalGroup,3,Desert Rock,Desert Rock(2); Synthwave(1),2022,2026,4,3,6,12,No
Na Qian,Person,3,Indie Folk,Indie Folk(2); Americana(1),2020,2022,2,3,5,7,No
Honoré Foucher,Person,4,Indie Pop,Indie Pop(2); Southern Gothic Rock(1); Alternative Rock(1),1993,2029,36,4,5,6,No
David Hayes,Person,4,Blues Rock,Blues Rock(3); Southern Gothic Rock(1),1986,2025,39,4,5,9,No
Gang Lei,Person,3,Doom Metal,Doom Metal(1); Indie Pop(1); Southern Gothic Rock(1),2003,2021,18,3,5,7,No
Elizabeth Saunders,Person,3,Indie Folk,Indie Folk(2); Dream Pop(1),2004,2014,10,3,5,10,No
Xiulan He,Person,3,Indie Folk,Indie Folk(2); Dream Pop(1),2010,2014,4,3,5,7,No
Liwia Olbrych,Person,3,Indie Folk,Indie Folk(3),2010,2028,18,2,5,6,No
Nicole Sudak,Person,4,Indie Folk,Indie Folk(4),2010,2029,19,3,5,8,No
Yang Cui,Person,3,Psychedelic Rock,Psychedelic Rock(2); Dream Pop(1),2013,2024,11,3,5,15,No
Brandon Bartlett,Person,3,Post-Apocalyptic Folk,Post-Apocalyptic Folk(1); Dream Pop(1); Symphonic Metal(1),2013,2024,11,3,5,9,No
Jie Fan,Person,3,Space Rock,Space Rock(1); Oceanus Folk(1); Doom Metal(1),2007,2025,18,3,5,12,Yes
Rüdiger Graf,Person,8,Lo-Fi Electronica,Lo-Fi Electronica(2); Dream Pop(2); Oceanus Folk(1); Southern Gothic Rock(1); Jazz Surf Rock(1); Space Rock(1),2018,2027,9,8,5,24,Yes
Horst Barkholz,Person,3,Doom Metal,Doom Metal(2); Psychedelic Rock(1),2004,2017,13,3,5,8,No
Ping Tian,Person,4,Dream Pop,Dream Pop(1); Desert Rock(1); Indie Folk(1); Psychedelic Rock(1),2013,2023,10,4,5,16,No
Min Jia,Person,5,Doom Metal,Doom Metal(2); Dream Pop(2); Synthwave(1),2010,2029,19,5,5,12,No
Travis Williams,Person,4,Indie Folk,Indie Folk(3); Doom Metal(1),2000,2026,26,3,5,12,No
Lilo Cichorius,Person,3,Alternative Rock,Alternative Rock(2); Blues Rock(1),1998,2010,12,3,5,6,No
Chao Zeng,Person,6,Americana,Americana(2); Symphonic Metal(1); Desert Rock(1); Oceanus Folk(1); Blues Rock(1),2013,2027,14,6,5,17,Yes
Joe Taylor,Person,4,Dream Pop,Dream Pop(3); Psychedelic Rock(1),2020,2028,8,4,5,29,No
Monica Brown,Person,4,Dream Pop,Dream Pop(3); Psychedelic Rock(1),2020,2028,8,4,5,29,No
Tao Sun,Person,4,Psychedelic Rock,Psychedelic Rock(1); Synthwave(1); Symphonic Metal(1); Americana(1),2020,2025,5,4,5,24,No
Guiying Gao,Person,8,Synthwave,Synthwave(4); Space Rock(2); Indie Folk(1); Desert Rock(1),2010,2027,17,8,5,23,No
Kumiko Miura,Person,4,Synthwave,Synthwave(2); Indie Folk(2),1991,2011,20,4,5,3,No
Fang Duan,Person,3,Americana,Americana(1); Oceanus Folk(1); Jazz Surf Rock(1),2020,2024,4,3,5,12,Yes
Min Long,Person,3,Americana,Americana(1); Doom Metal(1); Synthwave(1),2000,2020,20,3,5,16,No
Gang Shao,Person,3,Synthwave,Synthwave(2); Doom Metal(1),1997,2004,7,3,5,12,No
Tao Zhang,Person,3,Indie Folk,Indie Folk(2); Synthwave(1),2020,2025,5,3,5,9,No
Tao Ye,Person,5,Indie Folk,Indie Folk(3); Doom Metal(2),2013,2018,5,5,5,13,No
Xia Jia,Person,5,Psychedelic Rock,Psychedelic Rock(2); Oceanus Folk(1); Dream Pop(1); Desert Rock(1),2018,2029,11,5,5,15,Yes
Jun Fang,Person,6,Desert Rock,Desert Rock(2); Indie Folk(1); Synthwave(1); Doom Metal(1); Jazz Surf Rock(1),2007,2027,20,6,5,22,No
Hansh Sidhu,Person,3,Speed Metal,Speed Metal(2); Alternative Rock(1),2007,2026,19,3,5,4,No
Tao Zeng,Person,5,Indie Pop,Indie Pop(2); Southern Gothic Rock(2); Alternative Rock(1),2003,2029,26,5,5,7,No
Lei Wang,Person,5,Emo/Pop Punk,Emo/Pop Punk(4); Southern Gothic Rock(1),2010,2029,19,5,5,5,No
Xiulan Wang,Person,4,Indie Folk,Indie Folk(2); Oceanus Folk(1); Dream Pop(1),1997,2026,29,3,5,18,Yes
Xia Dai,Person,6,Dream Pop,Dream Pop(3); Post-Apocalyptic Folk(1); Synthwave(1); Jazz Surf Rock(1),2025,2028,3,6,5,19,No
Xiuying Xiang,Person,6,Dream Pop,Dream Pop(3); Post-Apocalyptic Folk(1); Synthwave(1); Jazz Surf Rock(1),2025,2028,3,6,5,19,No
Tao Jin,Person,4,Oceanus Folk,Oceanus Folk(2); Indie Folk(1); Americana(1),2010,2025,15,4,5,17,Yes
Xiulan Cai,Person,3,Dream Pop,Dream Pop(2); Psychedelic Rock(1),2023,2027,4,3,5,11,No
Chao Chen,Person,4,Dream Pop,Dream Pop(3); Psychedelic Rock(1),2023,2029,6,4,5,13,No
Wei Han,Person,4,Space Rock,Space Rock(2); Indie Folk(1); Americana(1),2015,2023,8,4,5,16,No
Alex Halama,Person,3,Dream Pop,Dream Pop(2); Jazz Surf Rock(1),1991,2000,9,3,5,9,No
Fang Yin,Person,4,Emo/Pop Punk,Emo/Pop Punk(1); Indie Pop(1); Alternative Rock(1); Southern Gothic Rock(1),2005,2017,12,4,5,5,No
Tao Yao,Person,5,Indie Folk,Indie Folk(1); Americana(1); Oceanus Folk(1); Doom Metal(1); Dream Pop(1),2013,2029,16,5,5,20,Yes
Xia Zeng,Person,5,Dream Pop,Dream Pop(2); Indie Folk(1); Oceanus Folk(1); Indie Rock(1),2016,2023,7,5,5,20,Yes
Kimberly Stanton,Person,3,Synthwave,Synthwave(1); Oceanus Folk(1); Indie Folk(1),2004,2022,18,3,5,10,Yes
Samuel Gutierrez,Person,3,Dream Pop,Dream Pop(3),2020,2029,9,3,5,24,No
Li Yang,Person,3,Dream Pop,Dream Pop(3),2020,2029,9,3,5,24,No
Yang Zhao,Person,3,Indie Folk,Indie Folk(1); Doom Metal(1); Oceanus Folk(1),2013,2017,4,3,5,13,Yes
Li Yin,Person,3,Indie Folk,Indie Folk(3),2017,2020,3,3,5,19,No
Maura Chiappetta,Person,3,Doom Metal,Doom Metal(2); Indie Folk(1),2017,2023,6,3,5,10,No
Selma Flantz,Person,3,Indie Folk,Indie Folk(1); Synthwave(1); Doom Metal(1),2020,2027,7,3,5,16,No
Michel Fournier-Robert,Person,3,Indie Folk,Indie Folk(1); Indie Rock(1); Alternative Rock(1),2004,2030,26,2,5,3,No
Fang Mao,Person,4,Jazz Surf Rock,Jazz Surf Rock(1); Alternative Rock(1); Synthwave(1); Dream Pop(1),2004,2016,12,4,5,6,No
Margaud Chevallier,Person,3,Indie Folk,Indie Folk(2); Dream Pop(1),2013,2024,11,3,5,5,No
Nathalie Jacquot,Person,3,Indie Folk,Indie Folk(2); Dream Pop(1),2013,2024,11,3,5,5,No
Benoît-Zacharie Gilbert,Person,3,Indie Folk,Indie Folk(2); Dream Pop(1),2013,2024,11,3,5,5,No
Li Lin,Person,4,Jazz Surf Rock,Jazz Surf Rock(3); Doom Metal(1),2013,2028,15,4,5,14,No
Jacob Harris,Person,3,Dream Pop,Dream Pop(2); Synthpop(1),2021,2028,7,2,5,6,No
Tao Fang,Person,3,Jazz Surf Rock,Jazz Surf Rock(3),2025,2028,3,3,5,11,No
Jam & Honey,MusicalGroup,5,Indie Rock,Indie Rock(3); Dream Pop(1); Synthwave(1),2020,2026,6,5,5,10,No
Archipelago,MusicalGroup,3,Doom Metal,Doom Metal(2); Synthwave(1),2017,2027,10,3,5,5,No
Ascendant,MusicalGroup,4,Indie Rock,Indie Rock(2); Synthwave(1); Dream Pop(1),2020,2026,6,4,5,7,No
Liquid Prism,MusicalGroup,3,Indie Rock,Indie Rock(1); Dream Pop(1); Symphonic Metal(1),2024,2026,2,2,5,10,No
Luminescence,MusicalGroup,3,Synthpop,Synthpop(3),1991,1994,3,3,5,2,No
Narrow Passages,MusicalGroup,4,Americana,Americana(1); Indie Folk(1); Synthwave(1); Space Rock(1),2013,2018,5,4,5,10,No
Final Order,MusicalGroup,4,Indie Folk,Indie Folk(2); Synthwave(1); Doom Metal(1),2020,2025,5,4,5,9,No
Sync Shift,MusicalGroup,3,Speed Metal,Speed Metal(2); Alternative Rock(1),2007,2026,19,3,5,4,No
Ursus,MusicalGroup,3,Synthwave,Synthwave(2); Doom Metal(1),1997,2004,7,3,5,12,No
Whispered Strings,MusicalGroup,3,Dream Pop,Dream Pop(2); Jazz Surf Rock(1),1991,2000,9,3,5,9,No
Whispered Embers,MusicalGroup,3,Psychedelic Rock,Psychedelic Rock(2); Americana(1),2013,2017,4,3,5,9,No
Surveillance,MusicalGroup,3,Jazz Surf Rock,Jazz Surf Rock(2); Americana(1),2024,2025,1,3,5,9,No
Sly Notion,MusicalGroup,3,Indie Folk,Indie Folk(2); Dream Pop(1),2013,2024,11,3,5,5,No
Lorraine Martinez,Person,7,Speed Metal,Speed Metal(7),2005,2022,17,7,4,13,No
Min Hu,Person,4,Indie Folk,Indie Folk(2); Psychedelic Rock(1); Jazz Surf Rock(1),2010,2029,19,4,4,17,No
Audrey-Camille Nicolas,Person,4,Alternative Rock,Alternative Rock(2); Blues Rock(1); Southern Gothic Rock(1),2017,2027,10,3,4,8,No
Wei Tang,Person,3,Emo/Pop Punk,Emo/Pop Punk(1); Speed Metal(1); Indie Folk(1),2011,2020,9,2,4,7,No
Adrien Charles,Person,4,Dream Pop,Dream Pop(3); Desert Rock(1),2013,2029,16,3,4,12,No
Juan Long,Person,3,Psychedelic Rock,Psychedelic Rock(2); Dream Pop(1),2010,2016,6,3,4,8,No
Lei Xue,Person,4,Darkwave,Darkwave(1); Dream Pop(1); Synthwave(1); Space Rock(1),2007,2027,20,4,4,13,No
Noah Overeem,Person,5,Indie Rock,Indie Rock(2); Dream Pop(1); Darkwave(1); Symphonic Metal(1),2023,2026,3,5,4,16,No
Makayla Stone,Person,3,Indie Rock,Indie Rock(2); Dream Pop(1),2020,2024,4,2,4,7,No
Franck Hernandez Le Leclerc,Person,4,Indie Folk,Indie Folk(3); Doom Metal(1),2010,2023,13,3,4,10,No
Lupe Miró,Person,7,Doom Metal,Doom Metal(2); Dream Pop(2); Post-Apocalyptic Folk(2); Jazz Surf Rock(1),1997,2029,32,7,4,29,No
Gang Shen,Person,8,Synthwave,Synthwave(4); Americana(2); Synthpop(1); Dream Pop(1),1991,2029,38,8,4,29,No
Astrid Lecoq,Person,3,Blues Rock,Blues Rock(2); Dream Pop(1),1991,2007,16,3,4,7,No
Bernfried Stolze,Person,3,Doom Metal,Doom Metal(2); Indie Folk(1),2004,2020,16,3,4,9,No
Tao Dai,Person,4,Doom Metal,Doom Metal(2); Indie Folk(1); Americana(1),2018,2026,8,4,4,16,No
Yan Wen,Person,5,Doom Metal,Doom Metal(2); Dream Pop(2); Synthwave(1),2010,2029,19,5,4,10,No
Gang Pan,Person,3,Dream Pop,Dream Pop(2); Indie Folk(1),2020,2028,8,3,4,7,No
Li Ma,Person,3,Psychedelic Rock,Psychedelic Rock(1); Indie Rock(1); Synthwave(1),2010,2027,17,3,4,11,No
Yan Lin,Person,3,Jazz Surf Rock,Jazz Surf Rock(2); Synthwave(1),2021,2024,3,3,4,11,No
Juan Zou,Person,4,Synthwave,Synthwave(2); Indie Folk(1); Dream Pop(1),2020,2030,10,4,4,21,No
Ryan Doyle,Person,3,Dream Pop,Dream Pop(3),2006,2020,14,3,4,3,No
Kristi Crane,Person,5,Indie Rock,Indie Rock(4); Southern Gothic Rock(1),2023,2030,7,4,4,2,No
Lei Pan,Person,3,Dream Pop,Dream Pop(2); Post-Apocalyptic Folk(1),2007,2021,14,3,4,11,No
Xiuying Fang,Person,6,Synthwave,Synthwave(2); Dream Pop(1); Psychedelic Rock(1); Oceanus Folk(1); Americana(1),2013,2030,17,5,4,26,Yes
Kazuya Aoki,Person,3,Blues Rock,Blues Rock(3),1997,2023,26,3,4,4,No
Michelangelo Berlusconi,Person,3,Psychedelic Rock,Psychedelic Rock(2); Americana(1),2010,2026,16,3,4,11,No
Stephen Meyer,Person,4,Psychedelic Rock,Psychedelic Rock(2); Oceanus Folk(1); Dream Pop(1),2023,2026,3,4,4,7,Yes
Jie Zhang,Person,3,Darkwave,Darkwave(2); Indie Rock(1),2020,2026,6,3,4,9,No
Dariusz Olszowa,Person,4,Alternative Rock,Alternative Rock(4),2004,2017,13,4,4,2,No
Ricky Silva,Person,3,Speed Metal,Speed Metal(3),2000,2003,3,3,4,3,No
Chao Xiao,Person,3,Jazz Surf Rock,Jazz Surf Rock(2); Oceanus Folk(1),2024,2029,5,3,4,11,Yes
Wei Xiong,Person,4,Synthwave,Synthwave(2); Doom Metal(1); Americana(1),1997,2023,26,4,4,18,No
Yang Cui,Person,4,Dream Pop,Dream Pop(2); Jazz Surf Rock(1); Synthwave(1),2020,2030,10,4,4,7,No
Tao Lei,Person,3,Dream Pop,Dream Pop(2); Oceanus Folk(1),2025,2029,4,3,4,18,Yes
Ming Huang,Person,5,Synthpop,Synthpop(1); Indie Folk(1); Synthwave(1); Americana(1); Dream Pop(1),2015,2029,14,5,4,25,No
Artur Nurkiewicz,Person,3,Indie Pop,Indie Pop(2); Southern Gothic Rock(1),1991,2020,29,3,4,2,No
Jie Tao,Person,6,Psychedelic Rock,Psychedelic Rock(1); Alternative Rock(1); Indie Folk(1); Desert Rock(1); Jazz Surf Rock(1); Lo-Fi Electronica(1),2023,2029,6,6,4,25,No
Mariah Ramirez,Person,4,Indie Rock,Indie Rock(2); Doom Metal(1); Synthwave(1),2013,2028,15,4,4,29,No
Janna Jäkel,Person,3,Indie Folk,Indie Folk(1); Alternative Rock(1); Dream Pop(1),2007,2025,18,3,4,3,No
Edit Hethur,Person,3,Indie Folk,Indie Folk(1); Alternative Rock(1); Dream Pop(1),2007,2025,18,3,4,3,No
Jun Han,Person,3,Psychedelic Rock,Psychedelic Rock(1); Dream Pop(1); Desert Rock(1),2020,2025,5,3,4,12,No
Xia Xue,Person,3,Doom Metal,Doom Metal(3),2015,2028,13,3,4,10,No
Bianca Weber,Person,3,Indie Pop,Indie Pop(2); Southern Gothic Rock(1),2003,2020,17,3,4,9,No
Amalia Tartaglia,Person,3,Blues Rock,Blues Rock(2); Alternative Rock(1),2017,2025,8,2,4,4,No
Xiuying Song,Person,4,Dream Pop,Dream Pop(2); Synthwave(1); Jazz Surf Rock(1),2025,2028,3,4,4,15,No
Gordon Cox,Person,4,Doom Metal,Doom Metal(2); Synthwave(1); Indie Folk(1),2004,2023,19,4,4,13,No
Qiang Gu,Person,3,Synthwave,Synthwave(2); Dream Pop(1),2010,2025,15,3,4,13,No
Jeanne Guillou,Person,3,Indie Folk,Indie Folk(2); Alternative Rock(1),1991,2013,22,3,4,7,No
Jun Hao,Person,3,Indie Rock,Indie Rock(1); Indie Folk(1); Americana(1),2013,2030,17,3,4,10,No
Jasmine Adams,Person,3,Dream Pop,Dream Pop(2); Indie Folk(1),2020,2023,3,3,4,12,No
Li Zhong,Person,4,Dream Pop,Dream Pop(1); Space Rock(1); Doom Metal(1); Synthwave(1),2023,2026,3,4,4,11,No
Lei Duan,Person,5,Avant-Garde Folk,Avant-Garde Folk(3); Indie Pop(1); Lo-Fi Electronica(1),2017,2026,9,4,4,6,No
Maura Jovinelli,Person,4,Speed Metal,Speed Metal(4),2004,2019,15,4,4,11,No
Ryan Cohen,Person,3,Doom Metal,Doom Metal(2); Indie Folk(1),2004,2007,3,3,4,6,No
Anita Hamerla,Person,4,Alternative Rock,Alternative Rock(4),2009,2024,15,4,4,2,No
Timothy Rios,Person,3,Indie Pop,Indie Pop(3),1985,2010,25,3,4,3,No
Clara Seco-Pelayo,Person,3,Indie Rock,Indie Rock(2); Synthwave(1),1984,1996,12,3,4,6,No
Fernanda Guarneri,Person,3,Synthwave,Synthwave(1); Indie Folk(1); Doom Metal(1),2013,2028,15,3,4,13,No
Guiying Kang,Person,3,Southern Gothic Rock,Southern Gothic Rock(1); Avant-Garde Folk(1); Indie Rock(1),2018,2030,12,3,4,3,No
Erkan Barkholz,Person,4,Indie Folk,Indie Folk(2); Synthwave(1); Jazz Surf Rock(1),1997,2015,18,3,4,7,No
Chloë de Gruil,Person,3,Dream Pop,Dream Pop(2); Indie Folk(1),1997,2017,20,3,4,4,No
Wei Hu,Person,3,Dream Pop,Dream Pop(1); Psychedelic Rock(1); Darkwave(1),2016,2025,9,3,4,12,No
Qiang Zhao,Person,3,Doom Metal,Doom Metal(2); Indie Folk(1),2007,2015,8,3,4,9,No
Karina Bąbel,Person,3,Southern Gothic Rock,Southern Gothic Rock(3),2004,2017,13,3,4,6,No
Neon Horizon,MusicalGroup,4,Doom Metal,Doom Metal(2); Dream Pop(1); Synthwave(1),2010,2025,15,4,4,9,No
Loro,MusicalGroup,3,Oceanus Folk,Oceanus Folk(2); Synthwave(1),2021,2026,5,2,4,6,Yes
Parallel Static,MusicalGroup,3,Indie Folk,Indie Folk(1); Alternative Rock(1); Dream Pop(1),2007,2025,18,3,4,3,No
Glide,MusicalGroup,3,Doom Metal,Doom Metal(2); Indie Folk(1),2004,2007,3,3,4,6,No
Velvet Haze,MusicalGroup,3,Doom Metal,Doom Metal(3),2015,2028,13,3,4,10,No
Fixx'd,MusicalGroup,3,Psychedelic Rock,Psychedelic Rock(2); Dream Pop(1),2023,2026,3,3,4,6,No
Estación Sonora,MusicalGroup,3,Indie Folk,Indie Folk(3),2013,2019,6,3,4,8,No
Rhythmic Echo,MusicalGroup,3,Synthwave,Synthwave(1); Indie Folk(1); Doom Metal(1),2013,2028,15,3,4,13,No
Sara Parker,Person,3,Indie Folk,Indie Folk(2); Americana(1),2020,2023,3,3,3,16,No
Mia Carsten,Person,3,Indie Folk,Indie Folk(2); Doom Metal(1),2004,2013,9,3,3,13,No
Walter White,Person,4,Oceanus Folk,Oceanus Folk(2); Dream Pop(1); Synthwave(1),2009,2020,11,4,3,13,Yes
Hazel Kara,Person,3,Southern Gothic Rock,Southern Gothic Rock(2); Blues Rock(1),1987,2003,16,3,3,5,No
Rémy Denis de Duhamel,Person,3,Southern Gothic Rock,Southern Gothic Rock(2); Alternative Rock(1),2017,2027,10,3,3,4,No
Antoine Perrot-Léger,Person,3,Southern Gothic Rock,Southern Gothic Rock(2); Alternative Rock(1),2017,2027,10,3,3,4,No
Tao Yang,Person,5,Desert Rock,Desert Rock(2); Symphonic Metal(1); Synthwave(1); Indie Rock(1),2022,2028,6,5,3,9,No
Erin Fox,Person,3,Synthwave,Synthwave(1); Dream Pop(1); Desert Rock(1),2020,2025,5,3,3,13,No
Xiulan Shen,Person,5,Dream Pop,Dream Pop(3); Darkwave(1); Post-Apocalyptic Folk(1),2013,2029,16,5,3,18,No
Andrew Snyder,Person,3,Indie Folk,Indie Folk(1); Indie Rock(1); Doom Metal(1),2020,2026,6,2,3,7,No
Guiying Zhou,Person,3,Psychedelic Rock,Psychedelic Rock(2); Synthwave(1),2023,2030,7,3,3,11,No
Na Shao,Person,3,Alternative Rock,Alternative Rock(1); Dream Pop(1); Space Rock(1),2022,2029,7,3,3,10,No
Yan Duan,Person,3,Dream Pop,Dream Pop(1); Space Rock(1); Desert Rock(1),2024,2025,1,3,3,13,No
Pavlína Macháčková,Person,3,Southern Gothic Rock,Southern Gothic Rock(2); Indie Pop(1),1991,2013,22,3,3,3,No
Franck Prévost de la Bertrand,Person,4,Indie Rock,Indie Rock(2); Dream Pop(1); Synthwave(1),1999,2020,21,4,3,7,No
Kevin Carney,Person,3,Lo-Fi Electronica,Lo-Fi Electronica(3),2019,2029,10,3,3,5,No
Augustin Besnard-Imbert,Person,3,Dream Pop,Dream Pop(2); Indie Rock(1),2007,2017,10,3,3,4,No
Dominique Perret,Person,3,Dream Pop,Dream Pop(2); Indie Rock(1),2007,2017,10,3,3,4,No
Ekkehard Förster,Person,4,Southern Gothic Rock,Southern Gothic Rock(2); Avant-Garde Folk(2),2007,2020,13,4,3,5,No
Gang Yin,Person,4,Darkwave,Darkwave(3); Dream Pop(1),2013,2029,16,4,3,16,No
Sayuri Sato,Person,3,Blues Rock,Blues Rock(2); Alternative Rock(1),1994,2013,19,3,3,8,No
Qiang Lu,Person,3,Indie Folk,Indie Folk(2); Synthwave(1),2013,2022,9,3,3,11,No
Xiulan Wei,Person,3,Indie Folk,Indie Folk(2); Americana(1),2013,2017,4,3,3,14,No
Chao Wan,Person,3,Indie Folk,Indie Folk(1); Dream Pop(1); Post-Apocalyptic Folk(1),2020,2028,8,3,3,11,No
Carolyn Schultz,Person,4,Alternative Rock,Alternative Rock(2); Lo-Fi Electronica(1); Indie Folk(1),2013,2024,11,4,3,5,No
Miguel Johnston,Person,4,Alternative Rock,Alternative Rock(1); Indie Folk(1); Lo-Fi Electronica(1); Dream Pop(1),1997,2024,27,3,3,4,No
Na Peng,Person,3,Synthwave,Synthwave(1); Indie Folk(1); Oceanus Folk(1),2013,2017,4,2,3,7,Yes
Hridaan Kaur,Person,3,Speed Metal,Speed Metal(2); Alternative Rock(1),2017,2023,6,3,3,2,No
Rohan Shanker,Person,3,Speed Metal,Speed Metal(2); Alternative Rock(1),2017,2023,6,3,3,2,No
Zara Trivedi,Person,3,Dream Pop,Dream Pop(3),2011,2017,6,3,3,7,No
Rhea Wali,Person,4,Dream Pop,Dream Pop(3); Alternative Rock(1),2011,2026,15,4,3,9,No
Derek Smith,Person,4,Indie Folk,Indie Folk(2); Americana(1); Dream Pop(1),2020,2024,4,4,3,4,No
Julie Davis,Person,3,Americana,Americana(1); Dream Pop(1); Indie Folk(1),2020,2024,4,3,3,4,No
Guiying Xiao,Person,3,Lo-Fi Electronica,Lo-Fi Electronica(1); Dream Pop(1); Indie Folk(1),2013,2029,16,3,3,13,No
Qiang Cui,Person,4,Blues Rock,Blues Rock(1); Indie Rock(1); Dream Pop(1); Desert Rock(1),2007,2029,22,4,3,15,No
Lei Zhou,Person,3,Indie Folk,Indie Folk(2); Dream Pop(1),2020,2029,9,3,3,5,No
Yang Ye,Person,3,Synthwave,Synthwave(1); Dream Pop(1); Doom Metal(1),2019,2030,11,3,3,8,No
Ottmar Grein Groth-Butte,Person,4,Dream Pop,Dream Pop(2); Indie Rock(1); Indie Folk(1),2017,2023,6,4,3,12,No
Chao Li,Person,3,Space Rock,Space Rock(2); Darkwave(1),2026,2028,2,3,3,5,No
Zachary Francis,Person,4,Psychedelic Rock,Psychedelic Rock(2); Synthwave(1); Americana(1),2020,2026,6,4,3,5,No
Stephen Bell,Person,3,Doom Metal,Doom Metal(1); Indie Rock(1); Synthwave(1),2007,2013,6,3,3,3,No
Christopher Reed,Person,3,Doom Metal,Doom Metal(1); Indie Rock(1); Synthwave(1),2007,2013,6,3,3,3,No
Xia Xia,Person,3,Oceanus Folk,Oceanus Folk(1); Symphonic Metal(1); Indie Folk(1),2013,2026,13,3,3,5,Yes
Ping Luo,Person,7,Jazz Surf Rock,Jazz Surf Rock(2); Southern Gothic Rock(1); Alternative Rock(1); Desert Rock(1); Doom Metal(1); Synthwave(1),2010,2030,20,7,3,20,No
Yang Han,Person,3,Synthwave,Synthwave(2); Americana(1),2014,2025,11,3,3,10,No
Laetitia Bertrand-Becker,Person,5,Dream Pop,Dream Pop(2); Synthwave(2); Doom Metal(1),2006,2030,24,5,3,15,No
David Wilkerson,Person,6,Indie Pop,Indie Pop(3); Southern Gothic Rock(2); Blues Rock(1),1984,2017,33,5,3,6,No
Diana Taylor,Person,3,Americana,Americana(3),2000,2020,20,3,3,6,No
Qiang Xu,Person,4,Dream Pop,Dream Pop(1); Americana(1); Darkwave(1); Synthwave(1),2007,2026,19,4,3,15,No
Graziella Saffi,Person,5,Doom Metal,Doom Metal(2); Space Rock(1); Indie Folk(1); Synthwave(1),2017,2029,12,5,3,14,No
Fang Jia,Person,4,Psychedelic Rock,Psychedelic Rock(2); Indie Folk(1); Dream Pop(1),2020,2027,7,4,3,19,No
Yong Yao,Person,4,Southern Gothic Rock,Southern Gothic Rock(2); Alternative Rock(1); Americana(1),2013,2026,13,4,3,9,No
Guiying Zhou,Person,3,Alternative Rock,Alternative Rock(1); Jazz Surf Rock(1); Desert Rock(1),2024,2029,5,3,3,13,No
Ming Ding,Person,3,Alternative Rock,Alternative Rock(1); Jazz Surf Rock(1); Desert Rock(1),2024,2029,5,3,3,12,No
Malwina Penar,Person,3,Doom Metal,Doom Metal(1); Dream Pop(1); Synthwave(1),2013,2029,16,3,3,20,No
William Roux,Person,3,Indie Rock,Indie Rock(1); Indie Folk(1); Doom Metal(1),2010,2020,10,1,3,15,No
Julie Reynolds,Person,3,Dream Pop,Dream Pop(3),2024,2030,6,3,3,7,No
Li Zhao,Person,3,Synthwave,Synthwave(2); Indie Folk(1),2000,2023,23,3,3,10,No
Evelyn Hernandez,Person,3,Doom Metal,Doom Metal(1); Indie Rock(1); Indie Folk(1),2020,2026,6,3,3,8,No
Kevin Baker,Person,3,Doom Metal,Doom Metal(1); Indie Rock(1); Indie Folk(1),2020,2026,6,3,3,8,No
Ping Xiang,Person,3,Psychedelic Rock,Psychedelic Rock(2); Dream Pop(1),2010,2024,14,3,3,9,No
Min Zhao,Person,3,Lo-Fi Electronica,Lo-Fi Electronica(3),2018,2023,5,3,3,4,No
Iolanda Prada,Person,4,Doom Metal,Doom Metal(3); Synthpop(1),2004,2023,19,4,3,10,No
Christine Wall,Person,3,Dream Pop,Dream Pop(2); Indie Folk(1),2010,2017,7,3,3,6,No
Brian Gonzalez,Person,3,Dream Pop,Dream Pop(2); Indie Folk(1),2010,2017,7,3,3,6,No
Yong Fu,Person,3,Dream Pop,Dream Pop(3),2026,2028,2,3,3,12,No
Tao Guo,Person,3,Desert Rock,Desert Rock(2); Psychedelic Rock(1),2010,2026,16,3,3,13,No
Jun Xie,Person,3,Dream Pop,Dream Pop(1); Synthwave(1); Jazz Surf Rock(1),2025,2028,3,3,3,12,No
Tracey Jordan,Person,3,Indie Pop,Indie Pop(2); Southern Gothic Rock(1),2012,2027,15,3,3,2,No
Li Zeng,Person,3,Indie Folk,Indie Folk(1); Synthwave(1); Space Rock(1),2014,2018,4,3,3,9,No
John Rogers,Person,3,Synthwave,Synthwave(2); Doom Metal(1),2010,2015,5,3,3,5,No
Robert Pham,Person,3,Synthwave,Synthwave(2); Doom Metal(1),2010,2015,5,3,3,5,No
Michael Ross,Person,3,Southern Gothic Rock,Southern Gothic Rock(2); Speed Metal(1),2008,2026,18,3,3,2,No
Paula Mercado,Person,3,Blues Rock,Blues Rock(2); Southern Gothic Rock(1),1984,1993,9,3,3,2,No
Ping Qin,Person,4,Dream Pop,Dream Pop(3); Indie Folk(1),2013,2025,12,4,3,10,No
Ping Hao,Person,4,Dream Pop,Dream Pop(3); Indie Folk(1),2013,2025,12,4,3,10,No
Fang Yin,Person,4,Dream Pop,Dream Pop(3); Indie Folk(1),2013,2025,12,4,3,10,No
Kristýna Horváthová,Person,4,Dream Pop,Dream Pop(2); Blues Rock(2),2007,2007,0,4,3,0,No
Ping Fan,Person,3,Americana,Americana(2); Indie Folk(1),2013,2017,4,3,3,9,No
Valérie Mathieu,Person,3,Oceanus Folk,Oceanus Folk(1); Synthwave(1); Doom Metal(1),2010,2021,11,2,3,8,Yes
Min Wen,Person,3,Dream Pop,Dream Pop(2); Indie Folk(1),2017,2027,10,3,3,13,No
Rómulo Huertas,Person,3,Doom Metal,Doom Metal(2); Synthwave(1),2018,2024,6,3,3,5,No
Fiesta Nocturna,MusicalGroup,3,Oceanus Folk,Oceanus Folk(1); Indie Folk(1); Americana(1),2010,2025,15,3,3,16,Yes
Luna Spark,MusicalGroup,3,Indie Folk,Indie Folk(1); Indie Rock(1); Dream Pop(1),2017,2023,6,3,3,8,No
Buzz Collective,MusicalGroup,4,Americana,Americana(4),2000,2023,23,4,3,7,No
Encrucijada,MusicalGroup,4,Dream Pop,Dream Pop(3); Indie Folk(1),2013,2025,12,4,3,10,No
Cosmic Drift,MusicalGroup,3,Indie Folk,Indie Folk(2); Oceanus Folk(1),2025,2030,5,3,3,7,Yes
Spectral Junk,MusicalGroup,3,Americana,Americana(1); Dream Pop(1); Indie Folk(1),2020,2024,4,3,3,4,No
Rhythm Brothers,MusicalGroup,3,Alternative Rock,Alternative Rock(1); Jazz Surf Rock(1); Desert Rock(1),2024,2029,5,3,3,13,No
The Three Drafts,MusicalGroup,3,Speed Metal,Speed Metal(2); Alternative Rock(1),2017,2023,6,3,3,2,No
Harmonic Collective,MusicalGroup,3,Synthwave,Synthwave(2); Doom Metal(1),2010,2015,5,3,3,5,No
Lunar Pulse,MusicalGroup,3,Dream Pop,Dream Pop(3),2026,2028,2,3,3,12,No
Mineral Breath Asphalt,MusicalGroup,3,Indie Pop,Indie Pop(2); Alternative Rock(1),2003,2023,20,2,3,5,No
Bureaucracy,MusicalGroup,3,Indie Rock,Indie Rock(1); Alternative Rock(1); Dream Pop(1),2000,2025,25,3,3,7,No
Restless Verse,MusicalGroup,3,Blues Rock,Blues Rock(2); Southern Gothic Rock(1),1984,1993,9,3,3,2,No
Misfit Bistro,MusicalGroup,3,Dream Pop,Dream Pop(2); Alternative Rock(1),1984,2019,35,3,3,6,No
Talvikierros,MusicalGroup,3,Dream Pop,Dream Pop(3),2017,2026,9,3,3,4,No
Jovens Sujos,MusicalGroup,3,Doom Metal,Doom Metal(1); Indie Rock(1); Synthwave(1),2007,2013,6,3,3,3,No
Phantom Sync,MusicalGroup,3,Southern Gothic Rock,Southern Gothic Rock(2); Alternative Rock(1),2017,2027,10,3,3,4,No
Radiant Siblings,MusicalGroup,3,Space Rock,Space Rock(2); Darkwave(1),2026,2028,2,3,3,5,No
Sovereign Riders,MusicalGroup,3,Synthwave,Synthwave(1); Dream Pop(1); Doom Metal(1),2019,2030,11,3,3,8,No
Na Guo,Person,3,Dream Pop,Dream Pop(1); Doom Metal(1); Indie Folk(1),2017,2026,9,3,2,13,No
Asuka Takahashi,Person,3,Alternative Rock,Alternative Rock(3),1996,2013,17,3,2,3,No
Xiulan Li,Person,3,Desert Rock,Desert Rock(1); Indie Folk(1); Americana(1),2013,2029,16,3,2,10,No
Pompeo Turchi,Person,3,Alternative Rock,Alternative Rock(2); Blues Rock(1),2020,2027,7,3,2,5,No
Mai Sato,Person,3,Indie Folk,Indie Folk(2); Doom Metal(1),2007,2029,22,3,2,4,No
Herr Heinz-Walter Scheuermann,Person,4,Doom Metal,Doom Metal(4),2010,2023,13,3,2,9,No
Emmy Bonbach,Person,4,Doom Metal,Doom Metal(4),2010,2023,13,3,2,9,No
Jie Zheng,Person,3,Darkwave,Darkwave(1); Space Rock(1); Synthwave(1),2010,2028,18,3,2,11,No
Na Pan,Person,3,Darkwave,Darkwave(2); Dream Pop(1),2010,2027,17,3,2,15,No
Audrey-Suzanne Ribeiro,Person,3,Doom Metal,Doom Metal(1); Indie Folk(1); Indie Rock(1),2020,2027,7,3,2,15,No
Ping Liao,Person,3,Alternative Rock,Alternative Rock(3),1987,2005,18,3,2,2,No
Jessica Stewart,Person,3,Dream Pop,Dream Pop(2); Americana(1),2017,2029,12,2,2,3,No
Li Yang,Person,3,Americana,Americana(1); Space Rock(1); Indie Folk(1),2020,2026,6,3,2,9,No
Janina Kałek,Person,3,Psychedelic Rock,Psychedelic Rock(1); Indie Folk(1); Doom Metal(1),2017,2027,10,3,2,6,No
Lei He,Person,5,Psychedelic Rock,Psychedelic Rock(3); Synthwave(1); Desert Rock(1),2013,2028,15,5,2,18,No
Jun Yu,Person,3,Symphonic Metal,Symphonic Metal(1); Dream Pop(1); Desert Rock(1),2007,2025,18,3,2,21,No
Jie Cai,Person,3,Dream Pop,Dream Pop(1); Indie Rock(1); Jazz Surf Rock(1),2013,2029,16,3,2,13,No
Aleksander Przybyś,Person,4,Southern Gothic Rock,Southern Gothic Rock(2); Avant-Garde Folk(1); Emo/Pop Punk(1),2018,2025,7,4,2,1,No
Cynthia Murphy,Person,3,Indie Folk,Indie Folk(2); Dream Pop(1),2020,2020,0,3,2,4,No
Jordan Baxter,Person,3,Indie Folk,Indie Folk(2); Dream Pop(1),2020,2023,3,3,2,20,No
Dominic Phillips,Person,3,Desert Rock,Desert Rock(1); Dream Pop(1); Blues Rock(1),2023,2027,4,3,2,9,No
Xavier Leclerc,Person,4,Dream Pop,Dream Pop(2); Indie Folk(1); Synthpop(1),2020,2028,8,4,2,11,No
John Wilkinson,Person,3,Indie Pop,Indie Pop(2); Emo/Pop Punk(1),2020,2023,3,2,2,4,No
Gang Mo,Person,3,Indie Pop,Indie Pop(2); Emo/Pop Punk(1),2014,2022,8,2,2,5,No
Jun Li,Person,3,Dream Pop,Dream Pop(3),2007,2014,7,3,2,12,No
Wei Cui,Person,4,Synthwave,Synthwave(2); Space Rock(2),2023,2027,4,4,2,12,No
Tao Lei,Person,3,Americana,Americana(2); Oceanus Folk(1),2023,2029,6,3,2,6,Yes
Min Jin,Person,3,Americana,Americana(2); Oceanus Folk(1),2023,2029,6,3,2,6,Yes
Ping Liao,Person,3,Oceanus Folk,Oceanus Folk(1); Psychedelic Rock(1); Jazz Surf Rock(1),2021,2027,6,3,2,7,Yes
Xiulan Yan,Person,3,Dream Pop,Dream Pop(1); Synthwave(1); Doom Metal(1),2024,2026,2,3,2,12,No
Kayla Gomez,Person,3,Americana,Americana(3),2000,2023,23,3,2,7,No
Annetta Passalacqua,Person,4,Indie Rock,Indie Rock(1); Doom Metal(1); Space Rock(1); Jazz Surf Rock(1),2023,2029,6,3,2,4,No
Nathalie Legrand,Person,3,Dream Pop,Dream Pop(3),1997,2000,3,3,2,5,No
Xiuying Qiu,Person,3,Synthwave,Synthwave(1); Indie Folk(1); Darkwave(1),2023,2028,5,3,2,13,No
Patricia Hardy,Person,3,Doom Metal,Doom Metal(1); Desert Rock(1); Indie Folk(1),2010,2017,7,3,2,5,No
Xia Du,Person,4,Doom Metal,Doom Metal(1); Desert Rock(1); Indie Rock(1); Indie Folk(1),2004,2017,13,4,2,8,No
Ping Zhong,Person,3,Synthwave,Synthwave(1); Jazz Surf Rock(1); Space Rock(1),2024,2028,4,3,2,11,No
Fredo Grossi,Person,4,Indie Rock,Indie Rock(2); Synthwave(1); Indie Folk(1),2023,2026,3,4,2,12,No
Antonietta Ceravolo-Condoleo,Person,4,Indie Rock,Indie Rock(2); Synthwave(1); Indie Folk(1),2023,2026,3,4,2,12,No
Gino Michelangeli,Person,4,Synthwave,Synthwave(2); Indie Rock(2),2006,2026,20,4,2,16,No
Nehmat Kanda,Person,3,Synthwave,Synthwave(2); Dream Pop(1),1994,2007,13,3,2,3,No
Inaaya Bhatia,Person,3,Synthwave,Synthwave(2); Dream Pop(1),1994,2007,13,3,2,3,No
Lawrence Cooper,Person,3,Indie Pop,Indie Pop(1); Alternative Rock(1); Southern Gothic Rock(1),2020,2026,6,3,2,5,No
Oscar Marshall,Person,3,Indie Folk,Indie Folk(2); Doom Metal(1),2013,2023,10,3,2,21,No
Shawn Fox,Person,4,Psychedelic Rock,Psychedelic Rock(4),2022,2026,4,4,2,17,No
Jun Yin,Person,3,Psychedelic Rock,Psychedelic Rock(2); Dream Pop(1),2023,2026,3,3,2,16,No
Ippazio Barcella,Person,3,Doom Metal,Doom Metal(2); Psychedelic Rock(1),2017,2024,7,3,2,11,No
Bhamini Saini,Person,3,Doom Metal,Doom Metal(3),2010,2017,7,3,2,6,No
Scott Johnson,Person,3,Indie Folk,Indie Folk(1); Dream Pop(1); Darkwave(1),2010,2026,16,3,2,15,No
Stephanie Garcia,Person,3,Synthwave,Synthwave(1); Americana(1); Indie Folk(1),1994,2004,10,3,2,6,No
Xiulan Lai,Person,3,Synthwave,Synthwave(1); Dream Pop(1); Indie Rock(1),2010,2028,18,3,2,15,No
Nicole Scott,Person,3,Synthwave,Synthwave(2); Dream Pop(1),2013,2026,13,3,2,9,No
Xia Ren,Person,3,Dream Pop,Dream Pop(2); Post-Apocalyptic Folk(1),2020,2022,2,3,2,9,No
Jie Jiang,Person,5,Dream Pop,Dream Pop(1); Indie Rock(1); Avant-Garde Folk(1); Indie Folk(1); Desert Rock(1),2000,2020,20,5,2,17,No
Pénélope du Cohen,Person,4,Synthwave,Synthwave(2); Indie Folk(1); Indie Rock(1),1997,2028,31,4,2,7,No
Marianne Sanchez-Hebert,Person,3,Doom Metal,Doom Metal(2); Indie Rock(1),2017,2022,5,3,2,4,No
Corinne du Bazin,Person,3,Doom Metal,Doom Metal(2); Indie Rock(1),2017,2022,5,3,2,4,No
Yong Qian,Person,3,Dream Pop,Dream Pop(3),2007,2024,17,3,2,12,No
Na Zhou,Person,6,Indie Rock,Indie Rock(3); Lo-Fi Electronica(3),2021,2028,7,6,2,9,No
Lei Gao,Person,3,Doom Metal,Doom Metal(1); Synthwave(1); Desert Rock(1),2023,2025,2,3,2,9,No
Jie Yan,Person,3,Dream Pop,Dream Pop(1); Oceanus Folk(1); Jazz Surf Rock(1),2020,2029,9,3,2,18,Yes
David Armstrong,Person,3,Indie Rock,Indie Rock(2); Space Rock(1),2013,2026,13,3,2,15,No
Samuel Robertson,Person,3,Indie Rock,Indie Rock(2); Space Rock(1),2013,2026,13,3,2,15,No
William Jones,Person,3,Southern Gothic Rock,Southern Gothic Rock(1); Blues Rock(1); Alternative Rock(1),1994,2013,19,3,2,2,No
Amber Gibson,Person,3,Southern Gothic Rock,Southern Gothic Rock(2); Blues Rock(1),2023,2029,6,3,2,5,No
Li Xia,Person,3,Space Rock,Space Rock(1); Desert Rock(1); Synthwave(1),2024,2026,2,3,2,13,No
Jun Han,Person,3,Oceanus Folk,Oceanus Folk(1); Indie Folk(1); Synthwave(1),2017,2029,12,3,2,18,Yes
Xia Zhu,Person,3,Oceanus Folk,Oceanus Folk(1); Dream Pop(1); Synthwave(1),2017,2026,9,3,2,12,Yes
Tao Gao,Person,4,Lo-Fi Electronica,Lo-Fi Electronica(2); Avant-Garde Folk(1); Indie Folk(1),2021,2029,8,4,2,5,No
Jing Jin,Person,3,Indie Folk,Indie Folk(1); Oceanus Folk(1); Synthwave(1),2013,2017,4,1,2,8,Yes
Ming Jia,Person,3,Indie Folk,Indie Folk(1); Oceanus Folk(1); Synthwave(1),2013,2017,4,1,2,8,Yes
Karen Anderson,Person,4,Dream Pop,Dream Pop(2); Psychedelic Rock(2),2020,2024,4,3,2,34,No
Tammy Chen,Person,3,Dream Pop,Dream Pop(2); Psychedelic Rock(1),2020,2024,4,2,2,29,No
Jie Su,Person,3,Oceanus Folk,Oceanus Folk(1); Space Rock(1); Indie Folk(1),2023,2030,7,3,2,16,Yes
Jessica Harvey,Person,3,Alternative Rock,Alternative Rock(3),2005,2012,7,3,2,4,No
Jie Zhong,Person,3,Symphonic Metal,Symphonic Metal(1); Oceanus Folk(1); Indie Folk(1),2025,2027,2,3,2,13,Yes
Maria Freeman,Person,3,Indie Rock,Indie Rock(2); Dream Pop(1),2023,2026,3,3,2,7,No
Sarah Gardner,Person,3,Dream Pop,Dream Pop(2); Indie Folk(1),2010,2013,3,3,2,5,No
Wei Luo,Person,3,Dream Pop,Dream Pop(1); Doom Metal(1); Alternative Rock(1),2004,2021,17,3,2,7,No
Artisans of Rhythm,MusicalGroup,3,Southern Gothic Rock,Southern Gothic Rock(2); Avant-Garde Folk(1),2001,2022,21,3,2,5,No
Martial Harmonies,MusicalGroup,5,Dream Pop,Dream Pop(2); Post-Apocalyptic Folk(1); Synthwave(1); Jazz Surf Rock(1),2025,2028,3,5,2,18,No
Midnight Recursion,MusicalGroup,5,Americana,Americana(2); Indie Folk(1); Synthpop(1); Synthwave(1),2020,2029,9,5,2,17,No
Operatic Insurgence,MusicalGroup,3,Blues Rock,Blues Rock(1); Emo/Pop Punk(1); Indie Pop(1),2007,2017,10,3,2,4,No
Hex Collective,MusicalGroup,4,Synthwave,Synthwave(2); Space Rock(2),2023,2027,4,4,2,12,No
Razor's Lament,MusicalGroup,4,Indie Rock,Indie Rock(2); Synthwave(1); Indie Folk(1),2023,2026,3,4,2,12,No
Phantom Syntax,MusicalGroup,3,Doom Metal,Doom Metal(1); Desert Rock(1); Indie Folk(1),2010,2017,7,3,2,5,No
Celestial Horizon,MusicalGroup,3,Synthwave,Synthwave(1); Jazz Surf Rock(1); Space Rock(1),2024,2028,4,3,2,11,No
Split Persona,MusicalGroup,3,Indie Folk,Indie Folk(3),2010,2023,13,3,2,3,No
Quantum Sonic Architects,MusicalGroup,3,Synthwave,Synthwave(2); Dream Pop(1),1994,2007,13,3,2,3,No
Rebel Scream,MusicalGroup,3,Alternative Rock,Alternative Rock(3),2005,2012,7,3,2,4,No
Urban Decay Theorem,MusicalGroup,3,Indie Rock,Indie Rock(1); Synthwave(1); Indie Folk(1),1997,2026,29,3,2,6,No
Whispered Alibi,MusicalGroup,3,Indie Pop,Indie Pop(2); Emo/Pop Punk(1),2020,2023,3,2,2,4,No
Whispered Resonance,MusicalGroup,3,Indie Folk,Indie Folk(1); Oceanus Folk(1); Synthwave(1),2013,2017,4,1,2,8,Yes
Forjadura,MusicalGroup,3,Dream Pop,Dream Pop(2); Psychedelic Rock(1),2020,2024,4,2,2,29,No
Echo Syntax,MusicalGroup,3,Synthwave,Synthwave(2); Dream Pop(1),2013,2026,13,3,2,9,No
Cardboard Twenty-Five,MusicalGroup,3,Oceanus Folk,Oceanus Folk(1); Space Rock(1); Indie Folk(1),2023,2030,7,3,2,16,Yes
Frau Marianna Wernecke,Person,3,Post-Apocalyptic Folk,Post-Apocalyptic Folk(1); Indie Folk(1); Indie Rock(1),2013,2025,12,3,1,10,No
Tao Cui,Person,3,Oceanus Folk,Oceanus Folk(2); Synthwave(1),2017,2029,12,3,1,8,Yes
Yan Su,Person,3,Desert Rock,Desert Rock(2); Synthwave(1),2023,2028,5,3,1,6,No
Juan Yan,Person,3,Desert Rock,Desert Rock(2); Synthwave(1),2023,2028,5,3,1,6,No
Jie Gu,Person,3,Darkwave,Darkwave(1); Jazz Surf Rock(1); Synthwave(1),2010,2028,18,3,1,12,No
Qiang Bai,Person,4,Post-Apocalyptic Folk,Post-Apocalyptic Folk(2); Jazz Surf Rock(1); Dream Pop(1),2026,2029,3,4,1,8,No
Chao Qiu,Person,5,Dream Pop,Dream Pop(2); Jazz Surf Rock(2); Post-Apocalyptic Folk(1),2026,2029,3,5,1,15,No
Dawn Ramsey,Person,3,Indie Rock,Indie Rock(1); Doom Metal(1); Synthwave(1),1987,2025,38,3,1,4,No
Min Lei,Person,7,Dream Pop,Dream Pop(3); Oceanus Folk(1); Doom Metal(1); Indie Folk(1); Desert Rock(1),2017,2029,12,7,1,21,Yes
Harro Trapp-Caspar,Person,3,Blues Rock,Blues Rock(1); Alternative Rock(1); Indie Pop(1),2018,2029,11,3,1,6,No
Xia Yao,Person,3,Desert Rock,Desert Rock(2); Psychedelic Rock(1),2013,2027,14,3,1,14,No
Lei Yi,Person,3,Doom Metal,Doom Metal(1); Indie Folk(1); Synthwave(1),2017,2029,12,3,1,17,No
Paula Wilson,Person,3,Darkwave,Darkwave(3),2028,2030,2,3,1,12,No
Sarah James,Person,3,Indie Rock,Indie Rock(3),1997,2004,7,3,1,4,No
Yang Tang,Person,3,Dream Pop,Dream Pop(2); Doom Metal(1),2017,2022,5,3,1,17,No
Na Deng,Person,4,Dream Pop,Dream Pop(2); Americana(1); Alternative Rock(1),2022,2028,6,4,1,17,No
Lei Tang,Person,3,Emo/Pop Punk,Emo/Pop Punk(1); Southern Gothic Rock(1); Indie Pop(1),2013,2019,6,2,1,5,No
Yang Xiong,Person,3,Synthwave,Synthwave(1); Americana(1); Dream Pop(1),2019,2030,11,1,1,7,No
Chao Wu,Person,3,Indie Folk,Indie Folk(1); Synthwave(1); Dream Pop(1),2026,2029,3,3,1,16,No
Martino Toninelli,Person,3,Speed Metal,Speed Metal(3),2007,2025,18,3,1,5,No
Xiuying Ding,Person,3,Dream Pop,Dream Pop(2); Alternative Rock(1),2007,2020,13,3,1,2,No
Frau Adelgunde Hermighausen,Person,3,Dream Pop,Dream Pop(1); Indie Rock(1); Indie Folk(1),2017,2023,6,3,1,11,No
Nanami Yoshida,Person,3,Post-Apocalyptic Folk,Post-Apocalyptic Folk(2); Dream Pop(1),2020,2023,3,3,1,9,No
Min Li,Person,3,Darkwave,Darkwave(1); Space Rock(1); Synthwave(1),2023,2029,6,2,1,13,No
Laurent Breton,Person,3,Dream Pop,Dream Pop(2); Indie Folk(1),2022,2023,1,3,1,12,No
Ming Zhao,Person,3,Space Rock,Space Rock(1); Indie Folk(1); Desert Rock(1),2023,2027,4,2,1,5,No
Yan Yan,Person,3,Desert Rock,Desert Rock(1); Oceanus Folk(1); Indie Folk(1),2023,2029,6,3,1,8,Yes
Barbara Mckee,Person,3,Space Rock,Space Rock(1); Darkwave(1); Doom Metal(1),2023,2029,6,3,1,5,No
Bartek Krężołek,Person,4,Synthwave,Synthwave(2); Doom Metal(1); Space Rock(1),2020,2028,8,4,1,8,No
Stefan Berus,Person,4,Doom Metal,Doom Metal(2); Synthwave(1); Space Rock(1),2017,2028,11,4,1,9,No
Paul Castro,Person,3,Dream Pop,Dream Pop(2); Darkwave(1),2020,2026,6,3,1,13,No
Guiying Yuan,Person,3,Indie Folk,Indie Folk(2); Dream Pop(1),2013,2024,11,3,1,11,No
Feliciana Figuerola Cruz,Person,3,Doom Metal,Doom Metal(2); Indie Folk(1),2020,2026,6,3,1,10,No
Yong Su,Person,3,Emo/Pop Punk,Emo/Pop Punk(2); Alternative Rock(1),2023,2029,6,3,1,4,No
Juan Feng,Person,3,Dream Pop,Dream Pop(1); Post-Apocalyptic Folk(1); Synthwave(1),2025,2027,2,3,1,12,No
Min Qian,Person,3,Indie Folk,Indie Folk(2); Desert Rock(1),2015,2026,11,3,1,11,No
Jie Jia,Person,3,Symphonic Metal,Symphonic Metal(2); Doom Metal(1),2023,2029,6,2,1,9,No
Jun Fang,Person,3,Indie Folk,Indie Folk(2); Doom Metal(1),2020,2023,3,3,1,12,No
Fang Xiang,Person,3,Jazz Surf Rock,Jazz Surf Rock(1); Dream Pop(1); Indie Folk(1),2025,2028,3,3,1,12,No
Yan Yan,Person,3,Indie Folk,Indie Folk(2); Dream Pop(1),2004,2027,23,3,1,11,No
Chao Zhong,Person,4,Alternative Rock,Alternative Rock(1); Southern Gothic Rock(1); Dream Pop(1); Blues Rock(1),2016,2029,13,4,1,6,No
Michaela Kelley,Person,3,Indie Pop,Indie Pop(2); Alternative Rock(1),2010,2023,13,2,1,4,No
Kenneth Crosby,Person,3,Dream Pop,Dream Pop(2); Indie Rock(1),2020,2020,0,3,1,12,No
Yan Zhou,Person,3,Oceanus Folk,Oceanus Folk(2); Doom Metal(1),2020,2023,3,3,1,13,Yes
Xia Lin,Person,4,Lo-Fi Electronica,Lo-Fi Electronica(2); Alternative Rock(2),2018,2031,13,3,1,0,No
Regina Bruce,Person,3,Blues Rock,Blues Rock(1); Alternative Rock(1); Indie Pop(1),2018,2029,11,3,1,6,No
Simone Parent,Person,3,Indie Folk,Indie Folk(1); Dream Pop(1); Alternative Rock(1),2023,2027,4,3,1,6,No
Raymond Chartier,Person,3,Indie Folk,Indie Folk(1); Dream Pop(1); Alternative Rock(1),2023,2027,4,3,1,6,No
Jacob Boyd,Person,3,Avant-Garde Folk,Avant-Garde Folk(3),2013,2022,9,3,1,4,No
Gang Yang,Person,3,Jazz Surf Rock,Jazz Surf Rock(1); Indie Folk(1); Symphonic Metal(1),2017,2029,12,2,1,13,No
Gabor Salz,Person,3,Southern Gothic Rock,Southern Gothic Rock(1); Dream Pop(1); Synthwave(1),2010,2018,8,3,1,8,No
Kevin Wong,Person,3,Indie Folk,Indie Folk(3),2020,2023,3,3,1,10,No
Anneliese Bolnbach,Person,3,Indie Folk,Indie Folk(3),2020,2023,3,3,1,10,No
Stephanie Robinson,Person,3,Southern Gothic Rock,Southern Gothic Rock(2); Blues Rock(1),2023,2029,6,3,1,6,No
Carolyn Donovan,Person,3,Alternative Rock,Alternative Rock(3),2013,2024,11,3,1,1,No
Xia Song,Person,3,Indie Folk,Indie Folk(1); Doom Metal(1); Dream Pop(1),2020,2029,9,3,1,10,No
Jörg Niemeier,Person,4,Oceanus Folk,Oceanus Folk(1); Indie Rock(1); Doom Metal(1); Indie Folk(1),2020,2026,6,4,1,12,Yes
Xiuying Yan,Person,3,Lo-Fi Electronica,Lo-Fi Electronica(1); Darkwave(1); Synthwave(1),2010,2032,22,3,1,7,No
Ming Xiao,Person,3,Oceanus Folk,Oceanus Folk(1); Dream Pop(1); Synthwave(1),2024,2030,6,2,1,11,Yes
Min Yin,Person,3,Jazz Surf Rock,Jazz Surf Rock(1); Dream Pop(1); Space Rock(1),2025,2026,1,3,1,10,No
Karol Jereczek,Person,3,Indie Folk,Indie Folk(1); Darkwave(1); Post-Apocalyptic Folk(1),1997,2004,7,3,1,2,No
Yan Luo,Person,3,Space Rock,Space Rock(1); Synthwave(1); Oceanus Folk(1),2026,2030,4,3,1,12,Yes
Crimson Theorem,MusicalGroup,4,Synthwave,Synthwave(1); Desert Rock(1); Indie Folk(1); Oceanus Folk(1),2017,2029,12,4,1,11,Yes
Triassic Collective,MusicalGroup,3,Speed Metal,Speed Metal(3),2000,2009,9,3,1,6,No
Undetected,MusicalGroup,3,Synthwave,Synthwave(2); Space Rock(1),2022,2028,6,3,1,7,No
Coastal Horizon,MusicalGroup,4,Post-Apocalyptic Folk,Post-Apocalyptic Folk(2); Jazz Surf Rock(1); Dream Pop(1),2026,2029,3,4,1,8,No
Electric Novella,MusicalGroup,3,Indie Folk,Indie Folk(1); Dream Pop(1); Alternative Rock(1),2023,2027,4,3,1,6,No
Immortal Spark,MusicalGroup,3,Blues Rock,Blues Rock(1); Alternative Rock(1); Indie Pop(1),2018,2029,11,3,1,6,No
Lueur,MusicalGroup,3,Lo-Fi Electronica,Lo-Fi Electronica(2); Southern Gothic Rock(1),2017,2023,6,3,1,3,No
Crimson Harvest,MusicalGroup,3,Indie Folk,Indie Folk(1); Doom Metal(1); Dream Pop(1),2020,2029,9,3,1,10,No
Valhalla's Fury,MusicalGroup,3,Indie Folk,Indie Folk(3),2020,2023,3,3,1,10,No
Phantom Resonance,MusicalGroup,3,Darkwave,Darkwave(3),2028,2030,2,3,1,12,No
Double Chance,MusicalGroup,3,Indie Rock,Indie Rock(3),1997,2004,7,3,1,4,No
Desert Echoes,MusicalGroup,3,Desert Rock,Desert Rock(3),2031,2033,2,2,1,4,No
Cassian Storm,Person,8,Avant-Garde Folk,Avant-Garde Folk(8),2033,2039,6,4,1,0,No
The Fiddle & The Fjord,MusicalGroup,12,Celtic Folk,Celtic Folk(12),1980,1982,2,3,1,3,No
Mariner's Refrain,MusicalGroup,4,Oceanus Folk,Oceanus Folk(4),2028,2030,2,1,1,5,Yes
Ivy Echos,MusicalGroup,11,Oceanus Folk,Oceanus Folk(11),2024,2026,2,4,1,8,Yes
The Tide Singer's Knot,MusicalGroup,8,Oceanus Folk,Oceanus Folk(8),1993,1995,2,4,1,5,Yes
Xia Fu,Person,4,Speed Metal,Speed Metal(4),2000,2010,10,4,0,7,No
Na Yao,Person,3,Lo-Fi Electronica,Lo-Fi Electronica(3),2017,2029,12,3,0,6,No
Robin Jones,Person,4,Alternative Rock,Alternative Rock(3); Emo/Pop Punk(1),2022,2025,3,4,0,4,No
Tamara Solis,Person,3,Lo-Fi Electronica,Lo-Fi Electronica(3),2018,2029,11,3,0,3,No
Michelle Williams,Person,3,Lo-Fi Electronica,Lo-Fi Electronica(3),2018,2029,11,3,0,3,No
Gang Wen,Person,3,Americana,Americana(1); Synthwave(1); Indie Folk(1),2024,2029,5,3,0,14,No
Jun Zheng,Person,3,Synthwave,Synthwave(2); Dream Pop(1),2000,2029,29,3,0,7,No
Rita Iannucci,Person,3,Indie Rock,Indie Rock(2); Doom Metal(1),2020,2029,9,3,0,7,No
Lisa Hart,Person,3,Doom Metal,Doom Metal(2); Dream Pop(1),2026,2027,1,3,0,12,No
Ming Wen,Person,3,Psychedelic Rock,Psychedelic Rock(2); Dream Pop(1),1991,2032,41,3,0,10,No
Juan Li,Person,3,Psychedelic Rock,Psychedelic Rock(1); Indie Rock(1); Dream Pop(1),2023,2028,5,3,0,12,No
Juan Li,Person,3,Synthwave,Synthwave(1); Indie Folk(1); Dream Pop(1),2017,2024,7,3,0,6,No
Xiuying Ding,Person,3,Jazz Surf Rock,Jazz Surf Rock(1); Southern Gothic Rock(1); Indie Pop(1),2014,2029,15,1,0,7,No
Xia Chen,Person,3,Dream Pop,Dream Pop(1); Desert Rock(1); Synthwave(1),2029,2030,1,3,0,9,No
Imelda Zaguri,Person,3,Indie Rock,Indie Rock(1); Doom Metal(1); Space Rock(1),2027,2029,2,2,0,4,No
Nanni Telesio,Person,3,Indie Rock,Indie Rock(1); Doom Metal(1); Space Rock(1),2027,2029,2,2,0,4,No
Sylvia Watson,Person,3,Americana,Americana(3),2000,2004,4,1,0,6,No
Xiulan Xue,Person,3,Americana,Americana(1); Dream Pop(1); Synthwave(1),2020,2023,3,3,0,16,No
Xiulan Tao,Person,3,Lo-Fi Electronica,Lo-Fi Electronica(3),2011,2024,13,3,0,6,No
Juan Gong,Person,5,Americana,Americana(2); Southern Gothic Rock(2); Oceanus Folk(1),2013,2029,16,5,0,12,Yes
Min He,Person,8,Space Rock,Space Rock(3); Synthwave(1); Desert Rock(1); Americana(1); Indie Folk(1); Jazz Surf Rock(1),2020,2028,8,8,0,24,No
Antonietta Kreusel-Seip,Person,3,Desert Rock,Desert Rock(2); Jazz Surf Rock(1),2025,2029,4,3,0,18,No
Jie Zhu,Person,3,Synthwave,Synthwave(1); Space Rock(1); Post-Apocalyptic Folk(1),2026,2028,2,3,0,13,No
Ming Cai,Person,3,Alternative Rock,Alternative Rock(1); Indie Pop(1); Blues Rock(1),2023,2026,3,3,0,5,No
Ming Wan,Person,3,Dream Pop,Dream Pop(1); Desert Rock(1); Synthwave(1),2025,2026,1,3,0,12,No
Juan Song,Person,3,Psychedelic Rock,Psychedelic Rock(2); Dream Pop(1),2025,2029,4,3,0,9,No
Inès Collet,Person,3,Doom Metal,Doom Metal(2); Indie Folk(1),2023,2027,4,3,0,16,No
Li Li,Person,3,Synthwave,Synthwave(1); Oceanus Folk(1); Americana(1),2023,2027,4,3,0,9,Yes
Moral Friction,MusicalGroup,3,Americana,Americana(1); Jazz Surf Rock(1); Space Rock(1),2026,2027,1,3,0,5,No
Echoes of Eternity,MusicalGroup,3,Lo-Fi Electronica,Lo-Fi Electronica(3),2018,2029,11,3,0,3,No
The Lunar Tides,MusicalGroup,4,Dream Pop,Dream Pop(4),2033,2035,2,1,0,3,No
Rust & Reverie,MusicalGroup,5,Indie Folk,Indie Folk(5),2032,2037,5,2,0,4,No
Violet Engines,MusicalGroup,5,Synthwave,Synthwave(5),2031,2035,4,2,0,3,No
Solace Vesper,Person,4,Doom Metal,Doom Metal(4),2036,2036,0,2,0,0,No
Jasper Quinn,Person,5,Alternative Rock,Alternative Rock(5),2037,2039,2,1,0,0,No
Mira Everly,Person,5,Southern Gothic Rock,Southern Gothic Rock(5),2031,2033,2,3,0,0,No
Tidal Reverie,MusicalGroup,5,Oceanus Folk,Oceanus Folk(5),2033,2035,2,2,0,6,Yes
Crimson Carriage,MusicalGroup,7,Americana,Americana(7),2030,2035,5,2,0,4,No
Willow Sage,Person,7,Psychedelic Rock,Psychedelic Rock(7),2031,2033,2,5,0,0,No
Sienna Fox,Person,7,Indie Rock,Indie Rock(7),2035,2038,3,5,0,2,No
Cassette Future,MusicalGroup,7,Lo-Fi Electronica,Lo-Fi Electronica(7),2032,2034,2,4,0,2,No
Silver Veil,MusicalGroup,8,Indie Pop,Indie Pop(8),2031,2035,4,3,0,4,No
The Brine Choir,MusicalGroup,7,Oceanus Folk,Oceanus Folk(7),2034,2038,4,4,0,6,Yes
The Phantom Operators,MusicalGroup,5,Jazz Surf Rock,Jazz Surf Rock(5),2034,2036,2,3,0,5,No
Cosmic Reverberation,MusicalGroup,5,Space Rock,Space Rock(5),2030,2033,3,1,0,2,No
Ashen Valor,Person,5,Blues Rock,Blues Rock(5),2033,2035,2,0,0,1,No
Sylas Dune,Person,5,Darkwave,Darkwave(5),2036,2036,0,4,0,0,No
Turbo Kill,MusicalGroup,5,Speed Metal,Speed Metal(5),2034,2036,2,2,0,2,No
Rainfall Fiction,MusicalGroup,6,Emo/Pop Punk,Emo/Pop Punk(6),2033,2034,1,3,0,3,No
The Hollow Monarchs,MusicalGroup,7,Post-Apocalyptic Folk,Post-Apocalyptic Folk(7),2031,2035,4,5,0,4,No
Selkie's Hollow,MusicalGroup,5,Oceanus Folk,Oceanus Folk(5),2037,2037,0,2,0,4,Yes
Iron Cathedral,MusicalGroup,7,Symphonic Metal,Symphonic Metal(7),2032,2036,4,1,0,3,No
Julia Carter,Person,8,Indie Rock,Indie Rock(8),2034,2038,4,6,0,0,No
Claire Holmes,Person,8,Synthpop,Synthpop(8),2031,2033,2,5,0,0,No
The Salty Wakes,MusicalGroup,21,Sea Shanties,Sea Shanties(21),1975,1981,6,4,0,3,No
Wayfinder's Lament,MusicalGroup,18,Acoustic Folk,Acoustic Folk(18),1984,1991,7,7,0,2,No
The Wave Riders,MusicalGroup,4,Oceanus Folk,Oceanus Folk(4),2029,2032,3,2,0,5,Yes
Genevieve Bell,Person,4,Oceanus Folk,Oceanus Folk(4),2027,2031,4,2,0,0,Yes
Siren's Call,MusicalGroup,4,Oceanus Folk,Oceanus Folk(4),2028,2031,3,2,0,3,Yes
Sailor Shift,Person,26,Oceanus Folk,Oceanus Folk(26),2028,2040,12,14,0,12,Yes
The Saltwater Weavers,MusicalGroup,9,Oceanus Folk,Oceanus Folk(9),1995,2001,6,4,0,4,Yes
Drowned Harbor,MusicalGroup,12,Oceanus Folk,Oceanus Folk(12),2005,2013,8,5,0,4,Yes
Orla Seabloom,Person,8,Oceanus Folk,Oceanus Folk(8),2029,2029,0,8,0,0,Yes
Beatrice Albright,Person,7,Oceanus Folk,Oceanus Folk(7),2031,2035,4,7,0,3,Yes
Daniel O'Connell,Person,7,Oceanus Folk,Oceanus Folk(7),2031,2035,4,7,0,3,Yes
Copper Canyon Ghosts,MusicalGroup,7,Oceanus Folk,Oceanus Folk(7),2034,2035,1,7,0,2,Yes
