Song,Release_Year,Notable,Single,Artist,Record_Label,Draws_From_Count,Influenced_Others_Count,Is_Sailor_Shift
Mythical Mane,1992,TRUE,NA,"Juan Pan, Juan Zeng",Pere Pulse Records,0,2,No
Knot & Tether,1993,TRUE,FALSE,The Tide Singer's Knot,Unknown,0,0,No
Ghostlights & Galleons,1993,TRUE,NA,The Tide Singer's Knot,Unknown,0,0,No
Lanterns on the Water,1993,FALSE,TRUE,The Tide Singer's Knot,Unknown,0,0,No
Currents & Curses,1994,TRUE,NA,The Tide Singer's Knot,Unknown,0,0,No
Bones in the Brig,1994,FALSE,FALSE,The Tide Singer's Knot,Unknown,0,1,No
Hjertets Soloppgang (Sunrise of the Heart),1994,TRUE,TRUE,"Amanda Ramos, Deborah Davis",Prism Sound Studios,0,1,No
Widow’s Walk,1995,FALSE,FALSE,The Tide Singer's Knot,Unknown,0,0,No
Tripping on the Water,1995,FALSE,TRUE,The Saltwater Weavers,Unknown,0,0,No
The Quiet of the Deep,1995,TRUE,NA,The Tide Singer's Knot,Unknown,0,0,No
Beneath the Coral Moon,1995,TRUE,NA,The Saltwater Weavers,Unknown,0,0,No
Stormglass,1995,FALSE,TRUE,The Tide Singer's Knot,Unknown,0,0,No
The One,1997,FALSE,FALSE,The Saltwater Weavers,Unknown,0,0,No
Salt-Stained Chronicles,1997,TRUE,NA,The Saltwater Weavers,Unknown,0,0,No
Alight,1999,FALSE,TRUE,The Saltwater Weavers,Unknown,0,0,No
The Kelp Forest Ballads,1999,TRUE,NA,The Saltwater Weavers,Unknown,0,0,No
Heinäsirkat Soittaa (The Grasshoppers Play),2000,TRUE,NA,"Jacob Arnold, Latasha Watts",Crossroads & Highways,1,0,No
Tempest's Wake,2001,TRUE,NA,The Saltwater Weavers,Unknown,1,0,No
Albatross,2001,FALSE,FALSE,The Saltwater Weavers,Unknown,1,0,No
By the Stars,2001,FALSE,FALSE,The Saltwater Weavers,Unknown,1,0,No
Venom's Whisper,2004,TRUE,FALSE,"Guglielmo Canetta, Joker's Smile, Nicola Bernetti, Serena Lettiere, Vincentio Gentili",Vallès Vinyl,0,4,No
Echoes of Departure,2004,TRUE,TRUE,"Fenna Zwart, Kimberly Stanton, Michael Anderson",Ornica Sound,0,2,No
Exile's Whisper,2004,TRUE,TRUE,Ann Holland,Lombardone Sound,0,23,No
Gravity's Anchor,2004,TRUE,NA,Lagan Bhalla,Premier Pulse,0,1,No
Devotion's Horizon,2004,TRUE,TRUE,Tara Deshmukh,Nordisk Prisme,1,0,No
Hysterical Revenge,2004,TRUE,TRUE,"Alfred Thibault, Synaptic Stream, Thibault Hardy, Zoé-Agnès Delaunay",Jaguaribe Sonics,0,5,No
Unbroken Silence,2004,TRUE,TRUE,"Guglielmo Canetta, Serena Lettiere, Vincentio Gentili",Unknown,0,1,No
The Undertow Waltz,2005,FALSE,FALSE,Drowned Harbor,Unknown,1,0,No
Wreck and Reverie,2005,TRUE,NA,Drowned Harbor,Unknown,0,0,No
Where the Lanterns Fade,2005,FALSE,TRUE,Drowned Harbor,Unknown,0,0,No
Beyond Our Limitations,2007,TRUE,TRUE,"Embers of Wrath, Ignazio Pastine, Zacharie Martins",Inflected,1,26,No
Mercy's Infinite Echo,2007,TRUE,TRUE,"Adèle Bonneau, Alfred Thibault, Synaptic Stream, Thibault Hardy",Jaguaribe Sonics,1,1,No
The Last Goodbye's Farewell,2007,FALSE,TRUE,"Georgina Piñol-Guerra, Isabella Farinelli",Spiegel Harmony,0,7,No
Sable Waves,2008,FALSE,TRUE,Drowned Harbor,Unknown,0,0,No
Ossuary of the Deep,2008,TRUE,NA,Drowned Harbor,Unknown,0,0,No
Wavelengths of Lingering Queries,2009,TRUE,TRUE,"Jeffery Bailey, Ming Yan, Na Deng, Tao Hu, Walter White",Sorgue Sonics,1,1,No
Shadows in Sleep,2009,FALSE,TRUE,"Jennifer Alexander, Lori Young, Sean Riggs",Sertão Sounds,1,1,No
Eternal Connection,2010,TRUE,NA,"Chao Tan, Christine Turner, Li Dai, Nicholas Porter, Victoria Higgins, Wei Qian, Xiuying Jia",Epoch Resonance Records,0,2,No
Phantom Currents,2010,TRUE,NA,Drowned Harbor,Unknown,1,0,No
Blackwater Hymn,2010,TRUE,FALSE,Drowned Harbor,Unknown,0,0,No
Roots and Winds of Departure,2010,TRUE,TRUE,"Adèle Bonneau, Alfred Thibault, Synaptic Stream, Zoé-Agnès Delaunay, Édouard-Rémy Clerc",Jaguaribe Sonics,1,5,No
Roadside Memories,2010,TRUE,TRUE,"Augusto Villaverde Armengol, Filippo Pelli",Spiegel Harmony,1,0,No
Unwritten Lines Between Shadows,2010,TRUE,NA,Russell Bates,99Ascent,0,1,No
Whispers in Maria's Slumber,2010,TRUE,TRUE,"Aneta Pruschke-Sölzer, Cesare Cicilia, Coriolano Luria-Scialpi, Filippo Pelli, Isabella Farinelli",Spiegel Harmony,0,4,No
Motherland's Golden Horizon,2010,TRUE,FALSE,Min Ding,Súria Recordings,0,2,No
Manifest Destiny Blues,2010,TRUE,FALSE,"Min Zheng, Walter White, Xiulan Wang",Mucambo Groove,2,1,No
Sylvan Bride's Lament,2010,TRUE,FALSE,"Ethan Sanchez, Fang Gu, Na Yang, Ping Cui, Yan Fang",Ravine Sound,2,3,No
Soft Collisions,2010,TRUE,TRUE,"Constance Guibert, Ignazio Pastine, Lauretta Tresoldi, Patrizio Antonello-Salvemini",Orbital Pulse,2,4,No
The Coral Spire,2010,FALSE,TRUE,Drowned Harbor,Unknown,0,0,No
Landscape Echoes,2011,TRUE,TRUE,"Luciano Chindamo, Nicola Bernetti, Serena Lettiere, Vincentio Gentili",Unknown,0,2,No
Whispers in the Silence,2013,TRUE,TRUE,"Na Lai, Xiulan Liang",Ipecac Echo,2,0,No
Completely Crazy (About You),2013,TRUE,TRUE,"Courtney Phillips, Kelli Turner, Latasha Chavez",Rockville Records,0,7,No
Earthsong Eternal,2013,TRUE,FALSE,"Adrien Weiss, Charles du Perez, Pauline Guyot de la Maillet, Zacharie Martins",Inflected,1,4,No
Vanishing Point,2013,FALSE,FALSE,Drowned Harbor,Unknown,1,0,No
The Sompass Spins,2013,FALSE,FALSE,Drowned Harbor,Unknown,1,0,No
Glance My Way,2013,TRUE,TRUE,"Aneta Pruschke-Sölzer, Cesare Cicilia, Filippo Pelli, Isabella Farinelli",Spiegel Harmony,1,2,No
Wandering Spirit of Prague,2013,TRUE,FALSE,"Min Liao, Tao Qian",Adriatic Resonance,1,1,No
Lodestone & Lament,2013,TRUE,NA,Drowned Harbor,Unknown,2,0,No
Trembling Syringe,2013,TRUE,FALSE,"Lei Wan, Tao Ren, Yesenia Miller",Stage Collective Records,1,20,No
Reggae Spirit Rising,2013,TRUE,TRUE,"Juan Gong, Jun Yu, Yang Zhong",Ipecac Echo,1,0,No
Scarlet Letter Sarah,2013,TRUE,FALSE,"Jing Guo, Li Wan, Mandy Hood, Min Kong, Operatic Pulse, Robert Villanueva, Tao Yao, Yang Zhao",Echo Chamber Records,1,1,No
Babel's Broken Tongue,2013,TRUE,TRUE,Lei Kong,Rumson Rhythm,1,0,No
Light Before Sunrise,2013,TRUE,TRUE,"Chiyo Suzuki, Kaori Watanabe, Tomoya Nakamura",KFP Sonic,0,1,No
Whispers of a Forgotten Melody,2013,FALSE,FALSE,"Lei Tao, Na Peng, Nadia van Dooren-de Jode Vastraedsd",Echo Chamber Records,3,2,No
Midnight's Restless Echo,2013,TRUE,TRUE,Justin Morse,Enlightened Horizon Records,0,1,No
Wake Drinker,2013,FALSE,FALSE,Drowned Harbor,Unknown,0,0,No
Shadows of a Forgotten Name,2013,TRUE,TRUE,"Jun Yi, Xia Yu",Twilight Passage,1,2,No
Constellation of Us,2013,TRUE,TRUE,"Chao Xiao, Lei Zheng, Ping Song, Xiulan Mo",Orchestre Solaire,1,0,No
The Timing is Now,2013,TRUE,TRUE,"Constance Guibert, Daria Ceravolo, Ignazio Pastine, Lauretta Tresoldi, Zacharie Martins",Inflected,2,0,No
Tenement of Freedom,2014,TRUE,TRUE,"James Clark, Ming Su, Vanessa Ramos",Citrus Grove Records,0,6,No
Fragments of Consciousness,2014,TRUE,FALSE,"Alphons Donati-Pederiva, Augusto Villaverde Armengol, Feliciano Pizarro Moll, Filippo Pelli, Interval Shift, Martino Michelangeli",Spiegel Harmony,0,4,No
First Breath of Desire,2016,TRUE,TRUE,"Ming Wan, Qiang He, Qiang Lai",Eastern Flight Records,1,2,No
Fragments of a Poet's Breath,2016,TRUE,NA,"Elena Nibali, Renata Manolesso",Jeweler's Harmony,0,1,No
Heavenly Radiance,2017,TRUE,TRUE,"Adriana Figueroa, Charles Hall, Fang Wu, James Mosley, Thomas Dudley",Echo Chamber Studios | ECS,0,10,No
Winds of the Basque Shore,2017,TRUE,NA,"Chao Wu, Donna Caldwell, Xiulan Ye",Unknown,2,2,No
Paradise Parallel,2017,TRUE,TRUE,"Na Qian, Qiang Qian, Tao Jin, Yong Dong",Unknown,0,2,No
Six Feet From You,2017,TRUE,TRUE,Raymond Martin,Unknown,2,0,No
Steadfast Kingdom,2017,FALSE,NA,"Jing Jin, Ming Deng, Ming Jia, Whispered Resonance, Xiuying Fang",Verdra,1,0,No
Shadows of the Minor Scale,2017,TRUE,NA,Xia Yan,Unknown,1,0,No
Whispers of an Unbound Horizon,2017,FALSE,FALSE,Lei Zeng,Unknown,1,0,No
Whispers from a Distant Refrain,2017,TRUE,NA,Monica Nelson,Echo Vault Records,1,5,No
Abundance Overflowing,2017,TRUE,FALSE,"Na Ren, Wei Gao, Yang Yao, Yong Chen",Fassa Sounds,1,10,No
Sacred Echoes,2017,TRUE,TRUE,"Justin Berry, Kyle Lawrence",Calende Music,1,0,No
Choreography of Forbidden Passion,2017,TRUE,TRUE,"Bryan Smith, Emily Jackson, Ronald Kennedy",Ambient Terrain,2,6,No
Destiny's Call,2017,FALSE,TRUE,"Chao Wu, Donna Caldwell, Sandra Smith, Xia Jia, Xiulan Ye",Verdant Groove,2,39,No
Harmonic Latitude 458,2017,TRUE,NA,"Guiying Qin, Na Jin, Theresa Rivera",MTJ Harmony,1,1,No
Clocktower Cadence,2017,TRUE,TRUE,"Chao Tan, Lei Tan, Li Qiu, Min He, Ping Yan, Wei Ma",Echo Chamber Records,2,13,No
Breaking These Chains,2017,TRUE,TRUE,"Carlos Duffy, Min Qin, Xiuying Xie",Nautical Mile Records,1,0,No
Fragments of a Forgotten Continent,2017,TRUE,NA,Jing Zhang,Foreign Affairs Recordings,0,1,No
Wheels in Motion,2017,TRUE,NA,"Chao Wu, Jing Xu, Juan Wen, Min Xue, Min Yu, Wei Guo",Silverlight Recordings,0,3,No
Grip and Grace,2017,TRUE,TRUE,"Chao Qiao, Juan Duan, Jun Xu, Tao Ye, Yong Guo",Unknown,1,9,No
Fireworks and Freedom,2017,TRUE,TRUE,"Amber Ramsey, Chad Marks, Edward Little",Empire Sound,2,0,No
Small Shadows,2017,TRUE,TRUE,"Justin Berry, Mikayla Cook, Xiulan Zhang",Elysian Soundworks,1,0,No
Blueprint Whispers,2017,TRUE,FALSE,"Christophe-Émile Grégoire, Georges Chrétien, Luce Loiseau",Unknown,0,3,No
Whispers of Forever,2019,TRUE,FALSE,"Min Liang, Na Li, Na Yi, Xia Shao, Xia Wang",Epoch Resonance Records,4,3,No
Echoes of Solitude,2020,TRUE,TRUE,"Yan Tao, Yong Tan",Echo Chamber Records,2,0,No
Rumors Spread Like Wildfire,2020,TRUE,FALSE,Jing Feng,Metropole Records,1,0,No
No Man's Territory,2020,TRUE,TRUE,"Jie Xu, Qiang Han, Yong Tang",Unknown,1,0,No
Everything's Alright,2020,TRUE,TRUE,"Kaori Kobayashi, Yui Kondo",Vaerado,2,2,No
Lawman's Last Breath,2020,TRUE,TRUE,"Jing Zhong, Juan Wang, Juan Wu",Unknown,1,0,No
Reckless Hearts,2020,TRUE,TRUE,"Xiulan Dong, Xiuying Deng, Xiuying Zhang",Súria Recordings,0,1,No
Altar of Devotion,2020,TRUE,NA,Li Wen,Vertical Horizon,2,0,No
Alphabet Anarchy,2020,TRUE,TRUE,"Andrew Lee, Jenna York, Michael Gregory, Michael Jefferson",Collettivo Sonoro,2,0,No
Windows of Opportunity,2020,TRUE,TRUE,"Jing Cui, Lisa Pennington, Xiuying Shao, Yong Wang",Alta Cascata,1,0,No
Visions Beyond the Horizon,2020,TRUE,TRUE,"Christopher Smith, Timothy Hansen",Ardennes Audio,3,1,No
Resonant Tongue,2020,TRUE,NA,"Jing Wei, Tao Yao, Yan Zhou",Rockville Records,0,1,No
Golden Hour's Farewell,2020,TRUE,TRUE,Michael Snyder,Corona Sonora,2,0,No
Restless Phantoms,2020,TRUE,TRUE,"Evelyn Gordon, Gang Wang, Jie Yan, Min Gao, Wei Cheng, Yan Hou, Yang Yao",Sovereign Sound Studios,2,2,No
Broker's Burden,2020,TRUE,TRUE,"Gang Shen, Jun Hao, Lei Su, Xiulan Lai",Cooltempo Collective,1,0,No
Springtime Whispers on the Seine,2020,TRUE,TRUE,"Fang Xiang, Jun Wang, Li Zhou",Echo Chamber Records,1,0,No
Shylock's Shadows,2020,TRUE,TRUE,"Chao Qiao, Jun Xu, Karen Robinson, Xiuying Kang",Unknown,3,1,No
Perimeter,2020,TRUE,FALSE,Chao Zhou,Echoes of Seoul,2,2,No
Dissonant Echoes,2020,TRUE,TRUE,Tanya Garrett,Unknown,1,0,No
Boundless Threshold,2020,TRUE,TRUE,"Alexej Klotz, Elsbeth Löwer, Leif Bien, Margaretha Sager",Balgarska Beats,0,1,No
Unaccompanied Breath,2021,TRUE,NA,"Frédéric de la Coulon, Paul-Louis Benard, Valérie Mathieu",Artisan Mirage,2,0,No
Nishadpati's Lament,2021,TRUE,TRUE,"Christine Jones, Deborah Norton",Resonant Terroir,1,0,No
Manger's Midnight,2021,TRUE,TRUE,"Juan Yu, Lei Jin, Yong Lai, Yong Shen",Velvet Grove,2,6,No
Wayward Journey,2022,TRUE,NA,"Jing Xiang, Min Huang, Tao Zou, Xiulan Hu, Yang Shao",Rockville Records,3,0,No
Postcards from Julianne's Heart,2022,TRUE,FALSE,"Ming Chen, Xia Cui, Xiuying Li",Fortezza Sonora,1,8,No
Timón de Esperanza,2022,TRUE,TRUE,"Guiying Ma, Jie Wu, Jing Li, Juan Dong",Unknown,1,2,No
Leather Skin Confession,2022,TRUE,TRUE,Xiulan Hao,Adra Amplify,1,0,No
Rhythm Revolution,2022,TRUE,NA,"Chao Zeng, Gang Jiang, Jing Zhong, Xia Xiang",Urban Artifact Sound,1,3,No
Whispers of Deceit,2023,TRUE,TRUE,"Jie Chang, Jie Cui, Li Gu",Unknown,0,1,No
Siege of Barcelona's Twilight,2023,TRUE,FALSE,Yong Ding,Unknown,1,0,No
The Misplaced Heir,2023,TRUE,TRUE,"Gang Meng, Guiying Pan, Ping Zheng, Xia Zhu, Xiuying Duan",Orb Octave,1,1,No
Courage in Quiet Moments,2023,TRUE,TRUE,"Laetitia Petitjean, Madeleine Pineau, Susan Da Silva",Chester Groove,2,3,No
Mirage of Memories,2023,TRUE,TRUE,"Brandy Reyes, Laura Gibbs, Mary Medina, Raymond Mccoy, Rhonda Brown",Unknown,2,4,No
Kaleidoscope Eyes,2023,TRUE,TRUE,"Christopher Reilly, Jun Han, Monica Murphy, Yoko Fujita",MTJ Harmony,1,0,No
Ethereal Wanderer,2023,TRUE,TRUE,"Kimaya Srinivasan, Ryan Devan, Tara Kota, Tiya Sani",Nixon's Vinyl,1,0,No
Blank Slate Boulevard,2023,TRUE,TRUE,Jessica Carney,Sonic Strike Records,1,0,No
Sparks Unbound,2023,TRUE,TRUE,"Jose Garrett, Min Jin, Tao Lei",Stage Collective Records,2,2,No
The Last Letter to Julianne,2023,TRUE,TRUE,"Jun Yuan, Li Ding, Qiang Du, Tao Long, Yan Zhou",Radiant Echo,2,0,No
Tartan and Revenge,2023,TRUE,TRUE,"Chao Cheng, Mitchell Bryan, Na Ren, Qiang Xie",Jimmy Horizon,1,0,No
Drowning in Denial,2023,TRUE,FALSE,"Jing Ding, Li Zeng, Xiulan Yi",Fassa Sounds,2,1,No
Echoes of the Puszta: Chamber Variations,2023,TRUE,TRUE,"Chao Tan, Fang Yan, Jing Chang, Li Dong, Qiang Gao, Qiang Sun, Tao Xu",Lithic Resonance,3,0,No
Pale Light of Farewell,2023,TRUE,TRUE,"Chao Qiu, Ming Zhou",Montagna Suono,2,0,No
Eternal Light Descends,2023,TRUE,TRUE,"Juan Qiao, Jun Jin, Na Ma, Qiang Song, Xiulan Ren",Valenciano Tracks,2,4,No
Echoes of the Sámi Horizon,2023,TRUE,TRUE,"Juan Deng, Jun Ye, Yang Qian",Rockville Records,2,0,No
Perfection's Reflection,2023,TRUE,TRUE,"Juan Yu, Lei Jin, Loro, Qiang Song, Yong Shen",Velvet Grove,3,0,No
Echoes of Devotion,2023,TRUE,TRUE,"Eric Bartlett, Min Yan, Xia Zeng",Orge Resonance,3,2,No
Liturgical Whispers,2023,TRUE,TRUE,"Chao Tan, Fang Qiao, Guiying Qiu, Ming Qiu, Ming Yu, Yang Lei",Echo Chamber Records,1,0,No
Elevation of Desire,2023,TRUE,TRUE,Michaela Brooks,Threadspin,3,0,No
Aquatic Rebirth (1983),2023,TRUE,TRUE,"Christine Ward, Donald Medina, Joshua Orozco, Lisa Hofmann, Sonora Flux, Steven Goodman",Quill Recordings,3,3,No
Inches Apart,2023,TRUE,TRUE,"Li Li, Min Huang, Min Xiong, Ping Meng, Ryan Adams",Haute-Corse Records,3,0,No
Echoes of Joy,2023,TRUE,FALSE,"Guiying Tao, Ming Qiao",Manzeggio,1,3,No
Counterpoint's Silent Serenade,2023,TRUE,TRUE,"Melissa Wheeler, Ming Yao, Na Cai, Xia Kang, Xia Xia",Orge Resonance,2,0,No
When Angels Breathe,2023,TRUE,TRUE,"Gang Ding, Min Lei, Rachel Rios, Tammie Johnson, Xia Shen",Latium Sonics,1,1,No
Loud and Clear,2023,TRUE,TRUE,"Gang Shao, Jie Fan, Tao Dai, Wei Liao, Xiulan Lin",Foreign Affairs Recordings,0,3,No
Fragments of Unresolved Dialogues,2023,TRUE,NA,"Taichi Sasaki, Tomoya Takahashi, Yuki Hashimoto",Solari Sounds,2,1,No
Twilight's Gentle Whisper,2023,TRUE,TRUE,"Fang Zhong, Lei Tan, Li Qiao, Na Han, Ping Tao",Echo Chamber Records,3,0,No
The Ballad of Kristian's Heart,2023,TRUE,FALSE,"Jeffrey Watson, Jie Cheng, Juan Kang",Unknown,1,0,No
Potato Fields Forever,2023,TRUE,NA,"Fang Zhou, Kimberly Moore, Na Yang, Ricardo Ward, Xiulan Yi",Wilderness Frequency,1,0,No
Aviator's First Dance,2023,TRUE,TRUE,Min Song,Unknown,2,1,No
Wild Tonight,2023,TRUE,TRUE,"Tao Du, The Nulls, Yan Yan",Sonic Pulse Recordings,2,0,No
Luminous Beam,2023,TRUE,TRUE,"Crimson Theorem, Guiying Liao, Jie Cui, Jun Wen, Yan Zou",Neon Pulse Recordings,1,0,No
Crimson Ledger of the Desert Riders,2023,TRUE,FALSE,"Juan Gu, Qiang Dai, Tao Chang, Xiulan He",Velvet Grove,2,6,No
Sunken Bell Song,2024,FALSE,TRUE,Ivy Echos,Unknown,0,0,No
Wings of the Southern Cross,2024,TRUE,NA,"Chao Xiao, Fang Duan, Qiang Xie, Wei Lai, Yong Dai",Fukuoka Frequency,1,2,No
Twelve Months of You,2024,TRUE,FALSE,"Jing Long, Tao Qin, Xiuying Xiang",Lumière Sonore,2,4,No
Dust and Spurs,2024,TRUE,NA,"Ping Peng, Xia Jia, Xiulan Gu, Xiulan Xu",Echo Chamber Records,2,2,No
Summer of '76,2024,TRUE,FALSE,"Min Mo, Ming Zhong, Ping Liao",Sâles Soundtrack,2,1,No
Dancer of the Dappled Light,2024,FALSE,FALSE,Ivy Echos,Unknown,0,0,No
Whispers in the Fronds,2024,FALSE,FALSE,Ivy Echos,Unknown,0,0,No
Wrapped in Your Warmth,2024,TRUE,FALSE,"Matthew Murphy, Xiulan Zhong",Omega Pulse Records,0,1,No
Rings and Revelations,2024,TRUE,FALSE,"Paulo Oestrovsky, Qiang Zhu, Rüdiger Graf",Mate Melody,2,2,No
Fragments of Friendship,2024,TRUE,TRUE,"David Nash, Gang Yang",Unknown,3,3,No
Infinite Incarnation,2024,TRUE,TRUE,"Chao Lu, Guiying Yang, Ping Chang",Ipecac Echo,1,0,No
Desert Migrations,2024,TRUE,TRUE,"David Morgan, Gang Lai, Mary Parsons, Xiulan Lu",Cresnes Studios,1,0,No
The Kelp Forest Canticles,2024,TRUE,NA,Ivy Echos,Unknown,2,0,Yes
Endless Mental Replay,2025,TRUE,TRUE,"Chao Wu, Fang Han, Guiying Ye, Jun Fu, Xiuying Huang",Unknown,1,0,No
The Angler's Lantern,2025,FALSE,TRUE,Ivy Echos,Unknown,0,0,No
Fragments of Flight,2025,TRUE,NA,"Chao Tang, Gang Yin, Gang Zhang, Guiying Ding, Li Zou, Na Zou, Tao Lei, Wei Chang",Periáñez Pulse,1,3,No
Faded Polaroids,2025,TRUE,TRUE,"Laetitia Petitjean, Madeleine Pineau, Susan Da Silva",Inflected,3,0,No
Quartet in Shadowed Light,2025,TRUE,NA,"Fiesta Nocturna, Gang Fan, Nicole Thomas, Qiang Qian, Tao Jin, Yong Dong",Twilight Passage,1,0,No
Perfectly Plastic,2025,TRUE,TRUE,Isaiah Morales,Sonora Heights,2,0,No
Wraith's Maritime Lament,2025,TRUE,TRUE,"Jun Zou, Qiang Mo, Yan Wang",Prism Vault,1,0,No
Strings of Destiny,2025,TRUE,TRUE,"Chelsea Harris, Jie Zhong, Xia Ye, Yang Ma, Yong Tao",Espumoso Rhythm,1,0,No
Luminous Silence,2025,TRUE,FALSE,"Ann Anderson, Xiuying Mo",Latium Sonics,4,1,No
Luminescent Tides,2025,TRUE,NA,Ivy Echos,Unknown,0,0,Yes
Deepsea Fireflies,2025,FALSE,FALSE,Ivy Echos,Unknown,0,1,No
Brake Lights and Broken Hearts,2026,TRUE,TRUE,"Lisa Martin, Monica Nelson, Richard Frazier, Sonia Weeks",Echo Vault Records,2,2,No
Aerial Conquistadors,2026,TRUE,TRUE,"Guiying Liao, Jie Cui, Min Jin, Ping Sun, Yan Zou",Roman Echo,1,6,No
Snapshot of Forever,2026,TRUE,TRUE,"Juan Yu, Lei Jin, Loro, Qiang Song, Yong Lai",Haute-Corse Records,2,1,No
Salt-Kissed Rhymes,2026,TRUE,TRUE,Ivy Echos,Unknown,2,0,No
Silent Eulogy at Your Feet,2026,TRUE,TRUE,"Jie Wan, Na Wen, Regina Davis",Starlight Grooves,1,1,No
Whispers Between Lovers,2026,TRUE,TRUE,Jun Yuan,Rumson Rhythm,4,1,No
Grip of Memory,2026,FALSE,TRUE,"Jonathan Morris, Ming Xiao, Xiuying Wei",Vertical Horizon,6,0,No
Geologic Pulse,2026,TRUE,NA,"Gang Fu, Li Long, Ping Zeng, Xiulan Xu",Twilight Passage,1,2,No
Whispers in the Unknown,2026,TRUE,TRUE,"Jie Wang, Tao Su, Xia Du, Yang Wan, Yong Tang",Alta Cascata,0,1,No
Bullets and Badges,2026,TRUE,TRUE,"Carly Luna, Charles Vazquez, Gang Tian, Victoria Vazquez",Orchestre Solaire,3,0,No
Sandpiper's Serenade,2026,FALSE,FALSE,Ivy Echos,Unknown,0,0,No
Tidepool Epigrams,2026,FALSE,FALSE,Ivy Echos,Unknown,0,0,No
The Question That Lingers,2026,TRUE,TRUE,"Jie Long, Juan Cao, Juan Xiang, Min Guo, Wei Yao, Yong Qiao",Dolinka,4,0,No
Somewhere Between Somewhere,2026,TRUE,TRUE,"Jörg Niemeier, Lei Xue, Min Xia, Tao Cui",Midnight Groove,3,0,No
Savanna's Ugly Beauty,2026,TRUE,TRUE,"Chao Mo, Gang Pan",Pebble Press Recordings,1,0,No
Shadows Beneath the Palm,2026,TRUE,TRUE,Michael Rivera,Unknown,3,2,No
No Redemption,2026,TRUE,TRUE,Michael Smith,Last Frequency Music,2,0,No
Echoes of Bananal's Green,2026,TRUE,TRUE,"Ida Vigliotti, Margherita Giammusso, Pina Garrone",Ap Iago Music,2,0,No
Bloodline Legacy,2026,TRUE,TRUE,"Douglas Roberts, Stephen Meyer",Hillside Sound,4,0,No
Synaptic Cereal Spoon,2026,TRUE,NA,"Guiying Cao, Jing Kang, Silver Seraph, Xia Xia, Xiuying Huang",Echo Chamber Records,1,2,No
Ceremonial Footsteps,2026,TRUE,TRUE,"Ming Wang, Ming Xiang, Wei Chen, Yan Luo",Unknown,4,1,No
Cardiac Whispers,2026,TRUE,FALSE,John Maldonado,Aldehuela Recordings,2,0,No
Shoreline Sonnets,2026,TRUE,NA,Ivy Echos,Unknown,0,0,Yes
Chromatic Reflections on a Theme,2026,TRUE,TRUE,Stephen Allen,Paw Print Records,2,3,No
Whispers of Manuela's Horizon,2026,TRUE,TRUE,Shlok Cherian,Volcanic Echo Records,1,0,No
Oceanic Rythms,2027,FALSE,NA,Genevieve Bell,Unknown,0,0,No
The Wisdom of Not Knowing,2027,TRUE,FALSE,"Jason Vaughn, Summer Bender",Onzième Sonore,6,0,No
Ocean Breeze,2027,TRUE,FALSE,Genevieve Bell,Unknown,2,0,No
Falling Without a Parachute,2027,TRUE,TRUE,"Ming Du, Morgan Hernandez, Patricia Pope, Ping Shao",Archival Imprints,6,2,No
Whispers Between Dimensions,2027,TRUE,TRUE,"Jie Xu, Na Dai, Qiang Jiang, Xia Wu, Yan Chang",Sierra Rubio Sounds,1,1,No
"Let Me Go, Let Me Rise",2027,TRUE,TRUE,Xiuying Liang,New York Harmony,2,0,No
Tidal Pop Waves,2028,TRUE,NA,Sailor Shift,Unknown,0,0,Yes
Sun-Drenched Daydream,2028,FALSE,FALSE,Sailor Shift,Unknown,0,0,Yes
Buoyant Heart,2028,FALSE,TRUE,Mariner's Refrain,Unknown,0,0,No
Electric Eel Love,2028,TRUE,FALSE,Sailor Shift,Unknown,2,0,Yes
Harbor Lights,2028,FALSE,NA,Mariner's Refrain,Unknown,2,0,No
Echos Below,2028,TRUE,NA,Siren's Call,Unknown,1,0,No
Shoreline,2028,FALSE,FALSE,Siren's Call,Unknown,1,0,No
Laughter's Sharp EdgeQuesto Momento Fragile (This Fragile Moment),2028,TRUE,TRUE,"Kinship Harmony, Ping Wu, Yang Mo",Fassa Sounds,1,1,No
Chord of the Deep,2028,FALSE,FALSE,Sailor Shift,Unknown,0,0,Yes
High Tide Heartbeat,2028,FALSE,TRUE,Sailor Shift,Unknown,1,0,Yes
Palms of Passage,2028,TRUE,TRUE,"Chao Fang, Xiulan Zhou, Yang Zhang",Verdant Horizon,7,1,No
Tides of Echos,2029,TRUE,NA,The Wave Riders,Unknown,2,0,Yes
Ebbing Heart,2029,TRUE,FALSE,Orla Seabloom,Unknown,0,0,No
Battlefield Solitude,2029,TRUE,NA,"Guiying Dong, Guiying Xia, Jun Shao, Na Jiang, Na Peng, Thomas Ball",Circolo Melodico,1,0,No
The Song of Forgotten Shores,2029,TRUE,FALSE,Orla Seabloom,Unknown,0,0,No
Waiting by the Phone,2029,TRUE,TRUE,"Tao Cui, Yan Zhu",Midnight Groove,3,0,No
Seasheel Lullaby,2029,TRUE,FALSE,Orla Seabloom,Unknown,1,0,No
Rebel Without a Pause,2029,TRUE,NA,"Donna Ryan, Li Deng, Ping Feng",Pulse Platters,5,0,No
The Shifting Sands,2029,TRUE,FALSE,Orla Seabloom,Unknown,1,0,No
Whispers from Below,2029,TRUE,TRUE,"Cosmic Drift, Na Ren, Tao Yin, Xia Cui, Xiuying Li",Howling Squash Productions,2,1,No
Sunset Harmony,2029,FALSE,TRUE,The Wave Riders,Unknown,1,0,No
Whispers of the Deep,2029,TRUE,NA,Orla Seabloom,Unknown,0,0,No
Riding the Moon's Reflection,2029,TRUE,FALSE,Orla Seabloom,Unknown,2,0,No
Tidal Journey,2029,TRUE,FALSE,Orla Seabloom,Unknown,1,0,No
Beneath the Whispering Waves,2029,TRUE,TRUE,Orla Seabloom,Unknown,2,0,No
Heroes of Honor,2029,TRUE,TRUE,"Chao Kang, Jie Bai, Joseph Cole, Rachel Ford, Yan Huang",Svadhyaya Sangeet Prakashan,5,0,No
Close Enough to Touch,2029,TRUE,NA,"Devin Chan, Maurice Harrison, Michael Reyes, Michael Rivera, Scott Burke",Blue Soles Sound,4,0,No
Celestial Praise,2029,TRUE,TRUE,"Guiying Tang, Guiying Zhong, Lei Liao, Lei Qian, Qiang Yang",Unknown,5,0,No
Distant Horizons,2029,FALSE,NA,"Gang Xiong, Li Huang, Qiang Luo, Yong Ye",Indigenous Echo,5,0,No
Echoes Within,2029,TRUE,TRUE,"Chao Sun, Jennifer Harris, Ping Xu",Urban Prism Music,3,0,No
Seashell Serenade,2030,TRUE,TRUE,"Kai Reynolds, Sailor Shift",Unknown,0,0,Yes
Heart of the Habitat,2030,FALSE,TRUE,Sailor Shift,Unknown,0,0,Yes
Reef Rhythm,2030,FALSE,FALSE,Sailor Shift,Unknown,0,0,Yes
Reef Road Reverie,2030,TRUE,FALSE,"Jie Li, Mary King, Xia Wu, Xia Zhao",Sovereign Sound,2,0,No
Cresting Waves,2030,FALSE,NA,Mariner's Refrain,Unknown,0,1,No
Salty Dreams,2030,TRUE,NA,Sailor Shift,Unknown,2,0,Yes
Unbreakable Divine Shelter,2030,TRUE,TRUE,"Amber Smith, Cardboard Twenty-Five, Chao Zheng, Gang Zhu, Jie Su, Min Tian",Neuendettelsau Noise,5,1,No
Anchored Love,2030,TRUE,TRUE,Mariner's Refrain,Unknown,2,0,No
Driftwood Lullaby,2030,FALSE,FALSE,Sailor Shift,Unknown,1,0,Yes
Submerged Sonatas,2031,TRUE,NA,"Daniel O'Connell, Sailor Shift",Unknown,0,0,Yes
Siren's Song,2031,FALSE,TRUE,Genevieve Bell,Unknown,0,0,No
The Language of the Tides,2031,TRUE,FALSE,Daniel O'Connell,Unknown,0,0,No
Coral Bloom Energy,2031,TRUE,FALSE,Daniel O'Connell,Unknown,0,0,No
Hidden Depths,2031,TRUE,NA,Siren's Call,Unknown,0,0,Yes
Deep Sea Reverie,2031,TRUE,FALSE,Daniel O'Connell,Unknown,0,0,No
The Siren's Sigh,2031,TRUE,FALSE,Beatrice Albright,Unknown,1,0,No
Seafarer's Lullaby,2031,TRUE,NA,Genevieve Bell,Unknown,1,0,No
Whispers on the Jetty Wind,2031,TRUE,TRUE,Beatrice Albright,Unknown,2,0,No
Moonlit Tide,2031,FALSE,FALSE,Siren's Call,Unknown,0,0,No
Moonlit Kelp Forest Dance,2031,TRUE,FALSE,Beatrice Albright,Unknown,1,0,No
Seven Fathoms Deep,2031,TRUE,FALSE,Beatrice Albright,Unknown,2,0,No
Tidesworn Ballads,2031,TRUE,NA,"Beatrice Albright, Sailor Shift",Unknown,1,0,Yes
Song of the Wandering Whale,2031,TRUE,TRUE,Daniel O'Connell,Unknown,0,0,No
Driftwood Dreams,2032,TRUE,NA,The Wave Riders,Unknown,2,0,No
Saltwater Hymn,2032,FALSE,FALSE,Sailor Shift,Unknown,1,0,Yes
Whispering Waves,2032,FALSE,TRUE,The Wave Riders,Unknown,0,0,No
The Current & The Chord,2032,TRUE,NA,Sailor Shift,Unknown,0,0,Yes
Beneath the Coral Veil,2033,FALSE,TRUE,Tidal Reverie,Unknown,0,0,No
Ballads for the End of Time,2033,TRUE,NA,Tidal Reverie,Unknown,0,0,Yes
Tidal Whisper,2033,TRUE,TRUE,"Isla Quinn, Maya Jensen",Unknown,1,0,No
Moon Over the Tide,2034,TRUE,FALSE,Sailor Shift,Unknown,2,0,Yes
Drifting Between the Stars and the Sea,2034,TRUE,NA,The Brine Choir,Unknown,0,0,Yes
Star-Touched Tides,2034,TRUE,TRUE,The Brine Choir,Unknown,2,0,No
Salt-Stained Letters,2034,TRUE,FALSE,Copper Canyon Ghosts,Unknown,0,0,No
Tide-Worn Tales,2034,TRUE,NA,"Beatrice Albright, Copper Canyon Ghosts, Daniel O'Connell",Unknown,2,0,No
Barnacle Heart,2034,FALSE,FALSE,Sailor Shift,Unknown,1,0,Yes
Crimson Cliffs Awakening,2034,TRUE,FALSE,Copper Canyon Ghosts,Unknown,1,0,No
Coral Beats,2034,TRUE,NA,Sailor Shift,Unknown,2,0,Yes
Into the Current,2034,FALSE,TRUE,Sailor Shift,Unknown,0,0,Yes
"Canyon Echoes, Ocean Dreams",2034,TRUE,TRUE,Copper Canyon Ghosts,Unknown,0,0,No
Echoes in a Seashell,2034,FALSE,FALSE,The Brine Choir,Unknown,0,0,No
Songs from the Drowned World,2035,TRUE,NA,Tidal Reverie,Unknown,0,0,No
The Bells Beneath the Waves,2035,FALSE,TRUE,Tidal Reverie,Unknown,1,0,No
Artificial Sunsets,2035,TRUE,NA,The Brine Choir,Unknown,0,0,Yes
The Sunken Compass,2035,TRUE,NA,"Beatrice Albright, Copper Canyon Ghosts, Daniel O'Connell",Unknown,2,0,No
Forgotten Harbors,2035,FALSE,FALSE,Tidal Reverie,Unknown,0,0,No
Beneath the Celestial Wake,2035,FALSE,TRUE,The Brine Choir,Unknown,0,0,No
The Cartographer's Curse,2035,TRUE,FALSE,Copper Canyon Ghosts,Unknown,1,0,No
Shadows in Smuggler's Cove,2035,TRUE,FALSE,Copper Canyon Ghosts,Unknown,1,0,No
Tides & Ballads,2036,TRUE,NA,Sailor Shift,Unknown,0,0,Yes
Fog & Fiddle,2036,TRUE,FALSE,Sailor Shift,Unknown,2,0,Yes
The Fisherman's Prayer,2036,FALSE,TRUE,Sailor Shift,Unknown,0,0,Yes
Ballads for the Low Tide,2037,TRUE,NA,Selkie's Hollow,Unknown,0,0,Yes
When the Tide Calls My Name,2037,TRUE,FALSE,Selkie's Hollow,Unknown,1,0,No
Sea Glass Memories,2037,FALSE,TRUE,Selkie's Hollow,Unknown,2,0,No
Skin and Saltwater,2037,FALSE,FALSE,Selkie's Hollow,Unknown,1,0,No
Vanished with the Current,2037,FALSE,TRUE,Selkie's Hollow,Unknown,0,0,No
Stormsong,2038,TRUE,TRUE,Sailor Shift,Unknown,2,0,Yes
Oceanbound,2038,TRUE,NA,Sailor Shift,Unknown,2,0,Yes
Electric Reverie,2038,TRUE,NA,The Brine Choir,Unknown,2,0,Yes
Driftwood and Stardust,2038,FALSE,TRUE,The Brine Choir,Unknown,0,0,No
Salt in My Veins,2040,FALSE,FALSE,Sailor Shift,Unknown,0,0,Yes
Echoes of the Deep,2040,TRUE,NA,Sailor Shift,Unknown,0,0,Yes
The Last Mariner,2040,FALSE,FALSE,Sailor Shift,Unknown,0,0,Yes
